018e4116-7631-7c3b-9be8-e3ad93244524,018e4f94-bb81-7027-957c-c1d75da3b250
018e4f9a-08d0-7fa2-9d10-053133a9e5c4,018e4f9e-9ab2-77d6-956a-c8819689617a
018e4fc3-b739-711d-9575-2d3b3930797c,018e4fc5-b1e0-775f-8d1c-6283752ab7d4
018e4f9d-46b9-7812-8c2b-501a402b30fb,018e4fd5-f597-7522-86d8-246da2b2d9d2
018e50c2-98ce-7ef2-b051-04a1b146b603,018e50c6-526b-716b-bf2b-8b7bfdced658
018e50ec-2be0-7758-a761-5f3f928cd136,018e50f0-2e92-74c8-aaeb-0518916b8865
018e50de-caa1-7ca7-bc0c-aca887451218,018e50fa-aa8f-7c0b-8315-6adf8906642e
018e5106-ed5a-7898-bb0d-40aac057b861,018e510a-3285-7a02-845f-09b090370c24
018e59d5-f84c-71bf-8eef-9bed991bdec7,018e59db-439b-7b2a-9b6d-cbce27e7636e
018e5af4-9609-7084-9178-977698fcfe5e,018e5af8-0c5f-7dd1-ba3c-55d7163c2a46
018e5b30-76a2-7eae-9d34-26c5e372738c,018e5b32-9ef9-7379-9f10-f90b9df6a1df
018e5fb6-e8e0-7ef8-93b5-3ffd45ab7cf3,018e5fb6-fcd6-79f2-99e3-b0aeb247b2fc
018e5fef-da79-71ab-862e-833b3361e729,018e5fef-e61a-741b-8e5a-8fbe85a41303
018e5fef-f362-78b1-b4ad-ac3dc644c921,018e5fef-fbd4-7e8f-a587-1c39cb65d4e9
018e6080-6cd8-7194-805b-08975170e732,018e6080-818c-738f-87cb-a78ef76b1ae6
018e6080-6cd8-7b32-a5fe-ab8b5d06cbc2,018e6080-818c-74b0-aca2-a7a5e6a9a45a
018e6080-6cd8-7854-934a-29fc1f032826,018e6080-81c6-74d1-bfa2-9783fbf1ff6b
018e6080-6cd8-7784-9c44-ffbcb6f2e3db,018e6080-8233-745a-84cf-acb5a9da9e22
018e6080-6cd8-79e7-9500-0140b353f7e6,018e6080-826e-7baf-83af-dda10184453b
018e6080-6cd8-7208-b0ff-80474850f01d,018e6080-86d4-7da9-96cc-e5887d821f71
018e6080-6cd8-7d21-9e96-3040a442e3a0,018e6080-86d5-72b3-ba2c-11a65f25e988
018e6080-6cd8-7827-bcf0-f12500622e40,018e6080-88b6-7233-a634-c279f2cd8664
018e6080-6cd8-740f-995f-61d5ea5a30bd,018e6080-8903-7938-89db-b60e36fb8733
018e6080-6cd8-74e6-af3d-c6f0780ccb52,018e6080-8b58-7bc0-a3d9-d54a717b292e
018e6080-6fff-7e61-ae61-0ac4cf682913,018e6080-8bba-78a7-b82e-a4b265ab1224
018e6081-2cd7-7d03-b858-fa80eca72dcf,018e6081-35e0-7ab0-bafe-09ab6e5e05c5
018e6081-2cdf-72c6-b740-b11fae85c62f,018e6081-35e8-7a54-a050-92957c7c97e7
018e6081-2cd7-760b-90df-6f736cfd9b6a,018e6081-3688-78b3-ac78-a0b311a754c2
018e6081-2cdf-7ed7-be44-23202a929ed9,018e6081-36ad-73a9-8054-d32767385715
018e6081-2cdf-7036-a018-e0574f003e08,018e6081-3b34-7bb7-9b62-75c99c37426d
018e6081-2ce0-7477-86b3-ebf2dd26e2f1,018e6081-3b40-782c-b263-d26e654b744e
018e6081-2cd7-75f3-aaee-38a711ad76f8,018e6081-4168-7675-a8ad-a9cbe126e214
018e6081-2ce0-74e4-897b-7be44a0506ae,018e6081-41bd-7275-bf81-19deb7d831d9
018e6081-2cd7-7ee3-acba-7470d4ebca16,018e6081-4296-7031-bd0d-7b8f306d5a8d
018e6081-2ce0-7062-9c53-2a74515b851b,018e6081-42ad-7f9f-8652-67f6566d8533
018e6082-42bc-7398-b140-fae50fa63b5d,018e6082-4c6c-71c8-b236-da5d1f0765d3
018e6082-413c-7762-9177-b359a4ea33c9,018e6082-4cf8-742a-99cc-593eb1687b97
018e6082-423f-7608-96ca-c44a9ae214a7,018e6082-4d4d-7ceb-810b-d5cb70f07a8b
018e6082-41bd-704f-aefb-c76281e17e73,018e6082-4e41-7414-820c-f2e47304668f
018e6082-4427-732b-bd53-65c605d94361,018e6082-4e9d-798e-af78-e4be9aa0d6b5
018e6082-433a-7938-9495-c59bd57ebe2d,018e6082-50cb-78b9-a51e-f7a2815b12a2
018e6082-4591-7dd5-8a39-407584ec3728,018e6082-524f-7551-8053-1f6c2aae3195
018e6082-450e-751d-9728-01fb91237cd0,018e6082-53c6-7f0c-b32d-c85fc07e6093
018e6082-43b6-74f6-9e63-b8b5aa87df3b,018e6082-60d1-7fdb-811f-e3ea71a697f8
018e6082-4498-7dc0-b33e-49a306574bc4,018e6082-619d-7a8d-8e04-71e972cef837
018e6084-fd53-7d3b-8ab5-d5e5e2850ccc,018e6085-0e36-76ef-a68d-a3a18dedc21c
018e6084-fdcb-7954-aa95-2856beb30ed3,018e6085-0e37-7cf5-b3e2-5e399cea9da4
018e6084-ff43-7631-b0bf-f30779313c2e,018e6085-0fd5-739d-9f6b-899761e500ab
018e6084-f66e-7273-a0bd-455e96c58ccd,018e6085-1264-71b3-9c8d-d96fa97da967
018e6084-f423-79ef-b6f2-60378e89ebb6,018e6085-1346-7142-add6-5df94cd32b5d
018e6084-fccf-7108-a6dc-d81fd418caa8,018e6085-134e-7329-bb25-6c31238fb097
018e6084-f9c4-7ee0-b229-2e81c2eadcc3,018e6085-1447-7978-a7e8-8c3da794cf9d
018e6084-fe10-73ab-805d-21d184fb719c,018e6085-144a-7a71-a19c-73ef64b20b88
018e6084-fe6e-7709-9903-17936b2f2e99,018e6085-145a-7fc5-9dd9-2f901a0d8188
018e6084-fef8-7883-80b9-6424a3eb1216,018e6085-15ca-7e90-9ecd-e3117a23910f
018e609f-3b4c-7920-9f1e-929306e786a6,018e609f-446e-71ed-aea4-647d493dd9b6
018e609f-3f62-75f2-abc9-1bd5eb736dd8,018e609f-474d-708e-95ea-79132e0ea4e6
018e609f-3ef2-720a-821b-4ec180ca6c72,018e609f-4958-7eea-9494-d2be976d7034
018e609f-3c58-7c2b-b471-a03f5444f52f,018e609f-497e-7290-b3c6-175ceb91e5f4
018e609f-43cc-7833-96c1-bf184d5f66c5,018e609f-4a94-7cdb-ba49-c387a59a18fb
018e609f-3fd9-708a-bd9b-14b157b9c106,018e609f-4b5c-77ec-87cc-54c178aba050
018e609f-4353-7609-b773-6b2bd03d1cd4,018e609f-4cbc-7408-b189-07168b92e033
018e609f-44b0-7a6a-afe8-da9a47836c05,018e609f-4f3a-7a90-b7e5-7e0f78001f7b
018e609f-458d-7e39-91c3-b5c241d9ddea,018e609f-4ff2-7012-85ef-85684f9b24ea
018e609f-451f-7177-abda-d3a80c1a5b21,018e609f-5118-71fc-a3ba-5ba65127959b
018e609f-4604-748e-9c0e-c3e9926e9128,018e609f-517c-711e-a574-c61372bcf63d
018e609f-4673-74da-b375-d39029e381f0,018e609f-51e6-73c2-b6b9-b019d633b7ff
018e609f-46ed-7703-80cb-c8ba9ad00ac6,018e609f-523f-75ac-b97e-98dfaa0e0e73
018e609f-47e4-7e8e-b714-a4aaebf7bf8c,018e609f-5454-7cc3-8645-3172645e52a3
018e609f-48c1-7a2d-92f3-3c86809e1efa,018e609f-5484-76dc-8415-8d5c4841a5bf
018e609f-3c0f-7d4e-8c7d-715a15894dfa,018e609f-5590-7261-becb-5cc7c4c7bc3d
018e609f-4852-76ee-bcd4-44db2048d101,018e609f-55a0-7cf0-b447-febbde5f2c97
018e609f-492e-7217-8c3a-05184e329829,018e609f-56f2-728b-a980-260f0608796b
018e609f-499c-7652-aa43-4ba25de5923d,018e609f-5715-7b89-a637-914e78f1779a
018e609f-4d3e-72f1-bb64-ae4bedaaeeb3,018e609f-576d-772e-ad94-185c42824cf3
018e609f-4b69-7d27-b0fd-42d828b4eb64,018e609f-584a-73a6-bead-ce45c969c5f2
018e609f-4a85-7a27-a34f-ad645caf1320,018e609f-5a38-720d-82cd-8e0399b70438
018e609f-4e92-719b-89e2-9c1b9f4d627d,018e609f-5a75-7594-ba5c-7af09dc88621
018e609f-4e24-7827-a77f-91cb23c49f28,018e609f-5d54-7f3b-b049-94660d6c7307
018e609f-4bd6-7035-84f4-513a05e9dfae,018e609f-5d79-780a-a205-5d31c0642afc
018e609f-4c4f-7e2b-b169-02bf9d4c681b,018e609f-5d89-7d87-ac42-1e0df8500069
018e609f-476f-7af8-ae44-85a0cf4fee10,018e609f-5ee4-728e-a856-b070b1553361
018e609f-4438-7e3f-ad6b-5c2f3eb12619,018e609f-5f1a-72ac-ad39-6a160e6bfa81
018e609f-4af0-708f-a7d0-ac2df7d33153,018e609f-5f1a-73a0-8c6d-90db71dcdb3f
018e609f-4a15-7df9-9284-9476dd2eace8,018e609f-6008-7adb-83d0-b4fb1b41baf3
018e609f-4dae-7f51-aa1c-c4a37d809245,018e609f-6390-714c-9435-f447e10e1001
018e609f-4cd2-7654-944c-c8494f74ba47,018e609f-6416-71d0-aee6-262e352b94a3
018e60a0-f9bc-7739-83d8-ab90cc511d2c,018e60a1-04d3-7bec-aefa-13bc3a4200ea
018e60a0-fa2a-7409-973d-af63a55e7f9a,018e60a1-0513-7460-a050-404b1f75f479
018e60a0-f8d4-7058-b08d-9adfd7bbac79,018e60a1-0559-7d3b-874a-0b38b8201379
018e60a0-f950-7680-a6e9-a253f6959441,018e60a1-05de-75e9-b04b-dbbe21773b6d
018e60a0-fd2d-763a-83a2-a0bf872f0cc1,018e60a1-0966-7432-ae8e-e2c144c3b9ba
018e60a0-fe80-7b92-a290-99ca7ab09c50,018e60a1-0a80-7aa6-b97f-3321ce543e16
018e60a0-fb1e-7a6c-809d-38b7814d7ea7,018e60a1-0b35-7276-ac00-16ed9b7e6a44
018e60a0-fcbe-794f-b5d2-939061b3ab6c,018e60a1-0b40-7125-98e5-712c2a3e1376
018e60a0-fd9a-744b-ab9c-8bcff245cd3f,018e60a1-0b4a-7aeb-aa77-d3533173a542
018e60a1-00c5-75a2-9cdb-e41ac9fd55fe,018e60a1-0c94-7297-beb3-9dcc27c3f08f
018e60a0-ffd6-74e8-b837-b3c380cb19d1,018e60a1-0d77-7fdb-97cc-d569bdcb217a
018e60a0-fbdf-76f9-bd53-29100fc0dfc1,018e60a1-0da3-7e20-b45b-a46d71a1cbe6
018e60a0-feef-70c3-83f0-a891fced7cbc,018e60a1-0f64-7906-a28a-fa8102211caf
018e60a0-ff5c-7ccf-80e2-0bb6ab5f7fbf,018e60a1-0fc5-788d-be53-098fd986abae
018e60a1-0376-77d7-add0-94beef164250,018e60a1-11e0-7958-82ea-4be7117f9b1e
018e60a0-fb94-7e47-91f9-c71aedf5122b,018e60a1-1204-76a2-ada2-a94f52c07bbd
018e60a1-0300-7d6c-9b7e-0a318f470a1c,018e60a1-1266-727d-864e-e4da6aaf6ca8
018e60a1-021c-752e-9b38-ce517592182b,018e60a1-12bb-77af-8220-99b4ec1d1579
018e60a1-0621-7e6b-bebc-064071ed5352,018e60a1-134b-7dd8-ab07-da0c89351c56
018e60a1-004d-7ba9-bd81-6f3f9227f5f6,018e60a1-13c8-7103-91ff-2ebc2f16de63
018e60a0-faa3-7e8d-b6a3-c99b63512279,018e60a1-13d3-7f02-b7f8-6ca9833c981d
018e60a1-03ed-74f6-bf94-424b4453e74d,018e60a1-14af-7113-820c-5a32588077c2
018e60a1-045d-7769-b33f-feed2e1aaf26,018e60a1-1526-74a4-a06b-257c31ad808f
018e60a1-0931-7815-8d74-37a23ffbb9ae,018e60a1-1654-75a2-a297-961f876c0ba8
018e60a1-0538-7d3c-b210-dc3b59714c49,018e60a1-16ba-7d34-b882-d892fa57d799
018e60a1-0801-7d42-9912-d7e850794cb5,018e60a1-185c-7e4d-89ea-a784589990ab
018e60a1-0786-75aa-bc92-5b0672d6029d,018e60a1-1922-7880-a3c7-e6f8b2844e34
018e60a1-0a19-73f8-aeee-3e1676346ce8,018e60a1-1a01-720d-b1fe-3d547ddf0c9e
018e60a1-09d4-77e7-a5c3-c6002b11a584,018e60a1-1b5f-7a2a-8168-060337a41672
018e60a1-0b46-7a5f-a1f7-d1a5163fa1aa,018e60a1-1f56-7ff4-8469-f308fd2283e8
018e60a1-086c-71d4-ac34-71650382fc9a,018e60a1-1fa4-7eb0-b976-a3592b71c42c
018e60a1-0c7d-7106-9140-e2e0898bf87b,018e60a1-1fac-72b3-b87f-e811edf564a8
018e60a1-0c04-742c-83bd-d250464f5dcb,018e60a1-2175-7c7b-b328-297c19e637a0
018e60a1-071a-704f-91df-805ddcc85bd9,018e60a1-222e-7eca-9a6c-655540aef3b1
018e60a1-0a88-77cd-aaa9-faeefb6a3d72,018e60a1-225c-77fc-b1f9-c311bb564ac3
018e60a1-1294-7e62-9c8d-4856b1d087c0,018e60a1-2286-7777-97da-ba71f0309861
018e60a1-01aa-7229-9c32-9c7a2dada970,018e60a1-229e-73b5-88e9-6f2646650f16
018e60a1-04ca-73e9-9b49-94621b2a37d2,018e60a1-22a3-7fdf-bf1f-fdbb664180a2
018e60a1-0dd1-7528-946a-a424a8a16dcb,018e60a1-235a-71fc-a84a-67b44139e026
018e60a1-11b9-70e3-882a-c48e7b6d558e,018e60a1-2466-7fa8-a892-341992acc377
018e60a1-0eac-75ba-afb2-4559b9790984,018e60a1-24de-748d-8c40-1f2ad2eff396
018e60a0-fe0a-738e-b806-ca83c3853b53,018e60a1-24df-7ce0-8b62-f859ad41bdb5
018e60a1-0999-7440-bb61-86ea3bb07467,018e60a1-24e1-761d-99e2-0b1bf508a723
018e60a1-1514-7cea-927c-f2e49c13567a,018e60a1-25bd-75b0-ac3b-2b84ce645516
018e60a1-0b9d-7529-a54e-92b16d3df9a9,018e60a1-26a5-7b14-ac05-828a14ca32aa
018e60a1-1ad2-760c-9d5a-a0dc9b7e773f,018e60a1-26b1-7437-b2f3-d5440dbf487e
018e60a1-0e42-7654-b064-b5a6e8cd3395,018e60a1-2755-7b95-b984-bc8229ffd68f
018e60a0-fc50-7041-a98b-5cb3460381a8,018e60a1-2764-7ed1-8e7a-bf1f4e40b2c8
018e60a1-08db-7167-bb98-a4c38c08d14f,018e60a1-28e7-7e5b-9c75-daf16104823b
018e60a1-1140-7c2c-8928-3645c815ab7b,018e60a1-2999-748a-bf3c-0ac44375b0a0
018e60a1-0291-7c6d-833b-42ddbe21768b,018e60a1-2999-76ee-9ac0-1beac9ce69cd
018e60a1-013c-7c79-82d6-f686dae7cb1c,018e60a1-2b2c-7636-aa85-30874f1e1852
018e60a1-0f26-7e4b-b628-4bf02a0b1bca,018e60a1-2be7-70d9-9746-75c6d32d492d
018e60a1-05aa-7639-8128-eea3c2301829,018e60a1-2c1d-7f1f-ac94-34177297c90c
018e60a1-0ad6-7a6b-b045-49db4d39899a,018e60a1-2c58-7160-a33b-632aaf1acce1
018e60a1-06ab-7a1f-8798-be67db06a939,018e60a1-2f82-7ef5-ae1e-07bfaecd74cf
018e60a1-17f8-7c2c-86d4-5e2a3dff74b3,018e60a1-2fff-7d60-aa6a-28f96e068a36
018e60a1-185e-7426-928a-3342ec66ffce,018e60a1-3012-7323-98cf-01c264944e2b
018e60a1-0d58-77cb-8464-dc76f401832f,018e60a1-32a9-7a6a-9a21-9d17a1fae7bd
018e60a1-0cea-7947-a132-94dabc515443,018e60a1-3386-737a-9598-abf5e4a1e315
018e60a1-1ef7-735b-b7b2-a75c243ce371,018e60a1-33a5-737e-9a9d-27001d9c70d7
018e60a1-1fa0-7546-b2be-0fab690c11e3,018e60a1-33e4-7ce1-943c-17a2a714a257
018e60a1-10d2-7793-83b5-f4f97d969c97,018e60a1-3494-7823-ab64-5fee349d05fa
018e60a1-130c-78e1-b565-6c5ccac69554,018e60a1-34a0-73a3-b5f8-d52eba896d6d
018e60a1-1438-7a6f-ac3b-e87ccd573ca7,018e60a1-34e5-7b84-96d6-bf2dd8ed94f6
018e60a1-14a6-7d23-b6fa-6c7a4a966b30,018e60a1-3575-71c9-8c94-9eb4ec64bbc8
018e60a1-220f-7905-b32e-65c2e12eac51,018e60a1-3708-7c09-8cea-a6fc23e75e21
018e60a1-100c-713e-bdd3-b16dc9b02362,018e60a1-379a-7078-9aab-4b5a173bd31c
018e60a1-19b3-7358-bbdf-98b291f4a305,018e60a1-3822-7dee-876c-99440c026d7f
018e60a1-1e1b-728e-8643-dd179761b7a8,018e60a1-3949-76aa-b10d-bc44985649ca
018e60a1-1dac-7ce8-9587-9286cf7f8aea,018e60a1-3a52-7066-a448-e5f1e4dd81a0
018e60a1-13c2-7700-b2f6-cacd887f02e9,018e60a1-3a8b-784c-8915-c5e4c5a06878
018e60a1-0f94-725f-b524-7471cd997dca,018e60a1-3b03-7e65-bfb0-2f6f17904cc9
018e60a1-1899-719e-862f-f23f297ec221,018e60a1-3ba0-7922-aa4c-fdb18d8d4891
018e60a1-1a97-761e-aa0c-3329b07d57b3,018e60a1-3bcf-7d0d-9555-1b74ff9ff65e
018e60a1-1cd0-78cc-b867-b5e3a0fba90c,018e60a1-3c69-7db9-bbfe-cff530706a97
018e60a1-1374-723f-95fe-a25ee89f8aab,018e60a1-3d90-71fc-84ae-7f4cd7d8dd44
018e60a1-122b-78e5-ba82-dc93c7fbeda8,018e60a1-3dfc-7013-946b-7492f840ed06
018e60a1-2054-7115-948b-31a709acb04d,018e60a1-3fff-771f-8cf2-412baf224703
018e60a1-1590-74b5-a8f5-8136c45d5d83,018e60a1-40f5-71e1-812c-6b306c12c126
018e60a1-2169-75a9-8936-4bafb398a75a,018e60a1-4105-7fe9-9abb-a36792309aff
018e60a1-1d3e-7006-9e50-cf452d8653f9,018e60a1-420c-7a48-b79c-bdc43b9dd462
018e60a1-1e88-7209-9044-b011c8ef1c56,018e60a1-4226-7fac-807c-4a5d308ca391
018e60a1-1b8c-7687-b0e4-4b5d9ebb1120,018e60a1-4261-7ea6-b990-6369915f3247
018e60a1-2130-7132-8e85-f16fe26478c8,018e60a1-4283-7c68-a2a4-5aa904d44f57
018e60a1-16ae-73ca-92ee-d3f21dcb5a4d,018e60a1-43ac-7bce-a7c6-597c605f7ee4
018e60a1-1bf4-76ca-a364-30c20c2625c5,018e60a1-453a-777d-9450-a4aebc3455fb
018e60a1-1082-7a9d-a1e0-924bd83734ef,018e60a1-462e-718c-8693-9dfd34fbe6c2
018e60a1-15fc-762e-abef-fad9e5076412,018e60a1-4675-7ef6-9f6e-83f0fb281ba1
018e60a1-1b14-73fd-99a1-35b669d8b768,018e60a1-46c9-70da-b83d-3daa8758d75a
018e60a1-1a2a-7577-b9f5-32f238b29820,018e60a1-47ce-7e34-912a-23fa91baf176
018e60a1-171d-7a49-8fd8-6e94e2ce4c14,018e60a1-483c-798a-bcbc-48ce2671db8c
018e60a1-1c63-7f7b-a2bd-4e36559b1d3d,018e60a1-48c2-73ac-b68a-f66f2c94350d
018e60a1-178a-7583-b2a3-4500268fa451,018e60a1-4a93-7a6b-8298-390555ea0060
018e60a1-21d1-7b88-8c43-0fdf55302bcd,018e60a1-4aed-775f-8df7-985aac0eb39c
018e60a1-18dc-700e-8d15-ded03da55a57,018e60a1-4b9a-7824-b220-b8da218ea35d
018e60a1-1944-769e-b870-5edad88fbfea,018e60a1-4c4b-794b-90d1-8865aebdd8ea
018e60a1-1668-7c66-a146-53cc331e851b,018e60a1-4d57-759d-a5bd-6330a767d4b2
018e60a1-20c4-7df6-b26e-68644848c55a,018e60a1-4ebd-7d38-a50a-5e838fc3fcb5
018e60a1-1fe2-7a36-90c7-afb2a6c8aa16,018e60a1-4f14-7e22-8a50-0f10e65b12ec
018e60a1-1f64-7f7b-a8e3-67d987cebe8c,018e60a1-4f82-7ea5-94ad-585813e3e04d
018e60ab-638a-7455-93f2-922169e32b71,018e60ab-6d91-718b-b4de-0c9a9886865a
018e60ab-6429-74a4-9899-408117eec433,018e60ab-7943-733a-8c9c-cebcf69fbe17
018e60ac-49eb-7634-af7e-0119c29d2697,018e60ac-52bd-7c57-bc20-2b89c3e5096e
018e60ac-4a24-7931-9eb2-c2b5d8561442,018e60ac-548f-75c8-9495-9373a047ff8c
018e60ac-f6ef-76e9-88e7-045a843dceb7,018e60ad-03fb-7d53-8fbf-daea3597e437
018e60ac-f5a2-7a7f-af82-823a05bf4b63,018e60ad-0582-7a38-b403-32c97a49e841
018e60ac-f60a-7a47-8799-8fcc09b99fa2,018e60ad-0780-76ca-89f3-567263082440
018e60ac-f599-755b-ab30-6dfabf273174,018e60ad-080f-7cda-bbd2-139b4a4ce222
018e60ac-f6af-7d32-9f41-08a1e8b993f7,018e60ad-0843-7abb-936f-966d90b3363e
018e60ac-f881-7012-9f06-c3466d39885b,018e60ad-093f-7854-89e4-0d7c13580bfb
018e60ac-f8f2-7078-abcd-b9fa53c73da0,018e60ad-09a2-7ca9-a1cf-08828ee9de56
018e60ac-f60b-786c-9264-cffd436f1d5a,018e60ad-0abd-7245-af4b-c7af95437bbc
018e60ac-f67c-7702-8a5d-5d24bd370c7b,018e60ad-0be3-736d-ac36-d66c31aeb2ae
018e60ac-f6b7-7e31-8754-48afad28e19b,018e60ad-0c57-7745-bcd2-a6424a8d1dcb
018e60ac-f67a-7212-8114-8134d69b243a,018e60ad-0d1e-7b2b-9869-16e81e39e1be
018e60ac-f9b2-7d68-8b20-9cca109f0920,018e60ad-0dce-7eef-ad72-3257a0226642
018e60ac-f71f-7d8c-bee9-511aa899c3a3,018e60ad-0e34-7ba4-b850-89a714fa2ed8
018e60ac-f7c2-7f8f-a0fb-472dcb29ce3a,018e60ad-0e39-76f2-b3c5-bcc05c066f08
018e60ac-fab1-7293-ad2e-9673622d1c7c,018e60ad-0eb1-732e-b979-2219895867fb
018e60ac-fbed-7ee4-8ff9-43b2e8a8f9e2,018e60ad-0f32-7216-8d0c-26a414cbb365
018e60ac-fc7d-7203-9a64-c722cba1d4da,018e60ad-0fd0-7f8d-a6db-9bed5d04d842
018e60ac-f882-7e35-86e7-e2b8eff91c22,018e60ad-10ce-7c95-9638-c967df45302f
018e60ac-ff9d-77af-8c53-4b76fc70456f,018e60ad-118b-7ca8-b3e4-a3d33b70eff4
018e60ac-f8b7-7e7e-bf93-6c2468a91271,018e60ad-12e5-7690-a020-a97732772c4f
018e60ac-f75b-7d20-a5ef-cc190586bb84,018e60ad-1423-7f75-a5ec-04cb290798ea
018e60ad-02c7-75b1-b09f-7dee0953122b,018e60ad-1450-7327-895e-c94948ec5e41
018e60ac-fa45-7eb8-a07e-6a70b5fa88b1,018e60ad-14a2-75e9-a2ee-6dcb66c7fc88
018e60ad-025f-7b44-b0e1-813477807c19,018e60ad-1587-7599-8cd2-1bfaf738e41d
018e60ac-f7c1-75e0-b4dd-e21f34048b20,018e60ad-165e-78b1-8700-309e5b4baf4b
018e60ac-f727-7825-90c7-60c17b92053e,018e60ad-165f-7448-a4d4-03595c73c092
018e60ac-fb12-7d68-a1fb-cc688b91e287,018e60ad-1764-77e2-91a2-9a8bd183228f
018e60ac-f93d-7a08-ad78-c789d5eb201a,018e60ad-1769-7bad-8324-088f422ed3ee
018e60ac-fd29-7267-a7ba-9a2047383152,018e60ad-19b8-7b62-a6e0-aef033987a41
018e60ad-0043-76a1-9c31-06f904476e47,018e60ad-19e7-7ac0-94c8-57c428d26e65
018e60ac-fe44-78ed-99b7-c079437bd229,018e60ad-1a0b-7647-a3f8-ece3a1c65498
018e60ac-fcf3-7b83-b626-089257932fc8,018e60ad-1a72-74f2-af1c-560958cd734b
018e60ad-00e6-76e9-bc1d-777e528b9a73,018e60ad-1bb7-75a3-92d3-e9e06c800128
018e60ad-0106-75b0-a042-2dd8d591bed6,018e60ad-1c99-74ab-966b-cb5671d22b65
018e60ac-fb28-7030-818f-084bc393a7f7,018e60ad-1d81-7ab8-a808-75a5273beb55
018e60ac-faba-7f87-8296-7723d04f0518,018e60ad-1fa5-77c7-8f8d-b2333d5b549b
018e60ac-f81e-7681-929e-374616cad466,018e60ad-2019-75d3-b264-7b45e16ccacd
018e60ac-fee3-7a0e-8daf-0d7a3668608a,018e60ad-206f-73f6-a0f6-6bb12a3c0786
018e60ac-fcf3-79ab-9b95-b68f9bd5e54e,018e60ad-20c2-72ec-98c1-4dab8dd9b308
018e60ac-fea3-7b12-b827-73fa4f173439,018e60ad-2175-79ca-9edc-91841d644fa5
018e60ac-fdc7-7b84-8aac-50fe4b1a0f3e,018e60ad-2206-783f-a85a-7b86cc01be00
018e60ac-ff95-7c78-b666-ab91abeee28c,018e60ad-224a-7bfb-b4a3-b3d30f83227a
018e60ac-f755-7dda-a26e-6e7d80b5e6f3,018e60ad-227b-7b9e-81c7-5e9c8f1aed08
018e60ac-f9e5-7a4c-8998-4acd3394acf8,018e60ad-22ce-736d-b481-98a0aafac5a7
018e60ac-fb5a-78b3-b986-e41776ec62da,018e60ad-2326-7233-b5c6-861e5f797672
018e60ad-02be-77e9-a5cb-1e763f666d83,018e60ad-23b9-76e7-8408-549ef2038510
018e60ac-f96b-7bab-9421-f2369ab79a1e,018e60ad-24f1-7370-8387-fb2902ec91da
018e60ac-fe3d-7889-a965-50df569e0783,018e60ad-2572-7a44-a6c6-6b79ce9f9fef
018e60ac-fc7d-7a31-a2e5-028c84ca33ab,018e60ad-264d-79f3-a2fa-e8f77bae59e3
018e60ac-f976-7821-9d2d-7500e4adf0c7,018e60ad-266a-79d0-b3c4-f42ca865b82c
018e60ad-0290-7380-94bb-3dfcf4cec710,018e60ad-266d-7909-859e-5b2699b61c8b
018e60ad-01a9-78a4-b279-b1372f78db39,018e60ad-26e6-7ab2-b079-288dda62565b
018e60ac-ff64-7a78-9c06-9af9f546fe41,018e60ad-278b-73ed-9b0a-f9c129d320f0
018e60ad-0174-76c9-ba25-a5fdcf9f9f33,018e60ad-2859-7fde-b310-8a05d6ca0d9b
018e60ac-fbd1-7d1a-9398-85a7d23a5d79,018e60ad-28d8-7376-82cb-db4be44d93ee
018e60ac-fa71-7a24-a1a9-805329e4e32b,018e60ad-2ad7-73c5-acba-0a4fc51885b6
018e60ac-fb94-735a-b273-0e7ec8db42e6,018e60ad-2afd-7889-8f05-1554978c4d95
018e60ac-f916-7c1f-979f-c47a44c74468,018e60ad-2c76-7392-9a67-3409a78fdb95
018e60ad-0073-7073-baa1-d782187207be,018e60ad-2cb7-75e4-a2fb-4ebbe5955205
018e60ad-01e7-7258-aa54-6e85ce7dda18,018e60ad-2e56-748d-9a84-18673e9ba0d1
018e60ac-fa20-79e0-9c14-fda0411ba1a8,018e60ad-2f2c-7efe-8cc1-0409f3ac0863
018e60ac-fc21-7bd6-88dc-585f025bd91d,018e60ad-2f45-7b8f-9eb3-588fb37138e9
018e60ac-f9ec-706e-9986-ed405a7c16a7,018e60ad-2fe7-7e79-aa93-485d06012bf9
018e60ac-fea3-7e39-995a-5ef4f3c7b2b1,018e60ad-3150-7b11-8823-f09b05bffe97
018e60ac-fd93-7962-b352-9934a5388cfa,018e60ad-31a4-798c-af7f-8e6c0ddbbf27
018e60ac-f6e6-70b4-b272-1bccc668ab1c,018e60ad-3311-76c4-9b53-fdab2fa6ab5c
018e60ac-fe00-73f0-adc1-8969cc25ed65,018e60ad-3343-7fd0-b282-e388ba7b188d
018e60ad-0140-7a57-aea6-4903b594b5f7,018e60ad-338b-77eb-b99a-85b212b0cf3f
018e60ad-01e0-7e39-8b4c-4195d3f81e41,018e60ad-33fb-711b-b89a-b01f39430c07
018e60ac-fc2c-718b-b700-4e505a774c80,018e60ad-34b3-7918-af3b-edba61f89bf6
018e60ac-f8c0-719f-977f-615a06728d42,018e60ad-3631-7900-b770-29580a3c43a8
018e60ad-022e-73a4-9fb4-4e87655b84da,018e60ad-3676-7c5c-ac5d-51e90cd0d231
018e60ac-fd30-7eab-abdf-652350e2e080,018e60ad-36eb-79a7-86a8-c0fc9f76baeb
018e60ac-fd93-7bfd-807f-9fed6eb56cb9,018e60ad-37c3-701e-b677-ea3f5060c04c
018e60ad-007c-7637-b39f-8fb0679296fa,018e60ad-3920-75c6-a450-af104cad2efa
018e60ac-ff62-76b8-bc4c-45631b44586f,018e60ad-392a-7eb9-8544-d4fdd60c0330
018e60ad-017d-7cf0-aa8e-ef7d13f3a5c8,018e60ad-3942-7062-b73a-33d71c5df0f9
018e60ad-0136-78ec-97ea-7b73c6c86f43,018e60ad-3bf7-7b7e-8f8b-856950d4b801
018e60ac-fa80-78fa-aa66-5f14852fc163,018e60ad-3c01-74df-b830-648beeeef86d
018e60ac-faef-78ed-b0e1-1a839669ccfb,018e60ad-3c79-7ce4-b272-f000bf268e6c
018e60ad-0225-73a5-8a85-33ddd0bda3cd,018e60ad-3da8-7db5-8e2a-655bd93af781
018e60ac-ff16-7bcb-8c87-588b42e03cce,018e60ad-3e3d-75f1-95d1-0a22b2b75d6e
018e60ac-fedb-7060-96e3-9113574aa43d,018e60ad-3e64-7d13-8201-c9c9420ef78f
018e60ad-01b0-7f02-99eb-b72212e66dbc,018e60ad-40e5-7481-ba62-ad73d8066a8c
018e60ad-000f-7afe-8b2a-d62e0ab8f0ca,018e60ad-414b-7b3b-9d94-5e9aaa281157
018e60ad-02f8-715d-bd1f-62f4e9de2dfc,018e60ad-41ab-766c-8dd7-63c8b45352fb
018e60ac-ffce-7636-873b-9ff9084972a7,018e60ad-41cb-7757-acd1-b04883698d92
018e60ad-00b6-79db-b96f-92db3dadfb0e,018e60ad-42be-7bc1-93bc-05acd2eb553f
018e60ad-00ad-753c-bb1b-cb62de9e202b,018e60ad-43a2-7e66-901a-7c938de71a16
018e60ac-fb8b-7aa6-8dc5-836e33415206,018e60ad-441c-7a25-8fca-7e32688ad47e
018e60ac-f81e-793c-9ea2-d5f07089ae79,018e60ad-4528-7004-acc1-c3af2e172e09
018e60ad-0005-7fad-9d95-3c5dddf973b6,018e60ad-4614-70d2-9413-03112036b5f2
018e60ac-ffd6-76d2-a06a-d1da59499241,018e60ad-4636-7f45-8dd3-0745375650ca
018e60ac-f9a8-7aa3-b007-1f189d1a1365,018e60ad-48e6-75a5-802c-6b9384fb6169
018e60ac-fdf8-7287-8bd5-62f7ef04547d,018e60ad-4a53-7013-a7b7-ed7d83c0cb93
018e60ad-8f7f-73c2-a37f-9703644339d1,018e60ad-9b50-7e04-9c18-7110b68975ef
018e60ad-8ec7-7fe0-a54f-ed579cb18a7e,018e60ad-9b59-7c9e-b7bd-494341426e59
018e60ad-8f80-7444-b251-b23dd6f38f00,018e60ad-9df3-78a5-a253-76073d40ea9f
018e60ad-8f14-7e9e-9470-9d7da9aa42fd,018e60ad-9eb3-7f85-b988-ff54598c48ab
018e60ad-8ed2-7b7d-a210-66b3e3c6c47e,018e60ad-9f09-7962-92f0-ce8c033aba89
018e60ad-8f0d-7132-9496-5286e63d0f16,018e60ad-9f13-708c-baff-9c31b124ae31
018e60ad-9085-798d-a57d-874ca6ae8c91,018e60ad-a395-738e-a53f-8c5944e41bc5
018e60ad-90cc-7ed8-9e8b-814437e9644b,018e60ad-a5cf-7409-9f69-0a4770032ddf
018e60ad-9037-7560-9dc9-4cb965b51765,018e60ad-a64d-7c49-948f-fc213939ea52
018e60ad-8fb6-7f16-b67a-6b18bb3bc66e,018e60ad-a6c9-7044-a7e7-35877022c2f3
018e60ad-9028-79f1-8068-1781669ef968,018e60ad-a6d9-7a49-a3f5-15676d2bd6af
018e60ad-8fc4-75e0-9a92-17eb06fed7eb,018e60ad-a737-7949-b772-f85370a518b3
018e60ad-8ff9-7694-a16d-0e472d3be81e,018e60ad-a750-7336-9126-41bdc694de9f
018e60ad-906a-7647-af94-2cdcdbbeaf5f,018e60ad-a779-77f4-b985-6add2bcbbd1f
018e60ad-9182-7453-a48f-73dbde9157c4,018e60ad-a852-7678-ad8f-4aa4b9e55912
018e60ad-91ce-7958-b11e-fa1d85a863d1,018e60ad-a8ab-7808-8b2a-c8a11dfdc34c
018e60ad-9157-71ea-97ba-4f3035d617d1,018e60ad-a9dd-7bce-9b12-9e5f9cce1333
018e60ad-90af-765a-b95e-5adbb7c99fe6,018e60ad-a9eb-75c8-bad8-7a064cbd6488
018e60ad-923d-752e-b21e-35c41045e5ca,018e60ad-a9f5-7245-8a70-8d9c8526ca53
018e60ad-9235-7121-8cf2-387a09f20c0a,018e60ad-aa46-728b-ae27-a3132f0103a3
018e60ad-94d6-7c89-8d05-38db878fc7e8,018e60ad-aa5e-7fb5-b3b2-be779018c971
018e60ad-914f-776d-af2b-4966539e787b,018e60ad-abf9-78fb-be14-2df4dbd5cd4c
018e60ad-96ff-78bc-89a4-70f5a79ba982,018e60ad-acb0-7ff1-98c1-d4f045260ad5
018e60ad-9312-7c08-9711-4d9c3ef3a573,018e60ad-ad2b-724e-b7a9-9e59ae446621
018e60ad-9406-7da0-970e-4e210e615bab,018e60ad-adc6-7be8-b576-bd315bc06ae5
018e60ad-92a6-7de8-9b42-b9a1d66c605e,018e60ad-ade8-7cbc-8a8c-d82297b64b41
018e60ad-978d-76f6-8e81-73a0616086a3,018e60ad-ae48-7c10-b012-823f34be05d4
018e60ad-9684-774d-b5ee-6eab34577f9e,018e60ad-b034-7e6b-9c78-66d0b21120fe
018e60ad-938e-7f05-ad0e-4bb067557a21,018e60ad-b036-713b-a5f7-64424b19978c
018e60ad-9737-79ec-901b-f3e4d3dbfcf2,018e60ad-b33a-79f5-96ae-9263bb208922
018e60ad-99af-76dd-b1eb-50034b255c4e,018e60ad-b36d-7477-8feb-9519fa2a934a
018e60ad-911c-7a86-973c-f155a6a9f223,018e60ad-b3ce-73cf-b20b-7fd26c2043d9
018e60ad-9467-765c-a1d2-85bcf4d524ac,018e60ad-b54e-7600-a5e3-4afda388b709
018e60ad-949e-7c40-932a-447d87aee5ef,018e60ad-b67b-7d70-9ceb-2fd91420a624
018e60ad-9467-7ad1-9332-c3cc584fb1d4,018e60ad-b83a-7fbd-b5fb-ebbd9eb72a51
018e60ad-9312-776d-b421-9f67fc9ba483,018e60ad-b8cb-745c-bcbd-ec8109dbe3e0
018e60ad-956e-716e-894a-1151d9e40ec4,018e60ad-b9e3-7324-a7bd-b5aab39f7090
018e60ad-992a-706f-8f09-2619778f5b12,018e60ad-ba23-7955-b8df-ae6654f6c783
018e60ad-920c-7427-8998-bc10d1c0bff1,018e60ad-ba3c-78f3-8702-866534934d62
018e60ad-938e-7a70-a3b2-7fc348d3c259,018e60ad-bc0c-7401-9017-4da63e6e802c
018e60ad-96af-7a7c-8251-8084dbfbfc36,018e60ad-bc33-7257-b454-7af280e73060
018e60ad-94cf-72cc-b404-005f995cfc14,018e60ad-bc3d-7ba2-8b8b-ab8a4a310c08
018e60ad-950a-7041-9592-954d4294af6d,018e60ad-bca1-7f16-8c33-71f1bfae5f29
018e60ad-99d0-76b2-b11d-3245ea9a9681,018e60ad-bf31-7371-88a6-5f7760ed9242
018e60ad-9d8b-7ea6-83ce-17e714940c84,018e60ad-bf99-7cb3-b229-ece80792dc92
018e60ad-9666-7e38-8bd1-7af26b4d9eca,018e60ad-bf9e-74f9-afcd-a0555687f5ca
018e60ad-9f6a-7a89-9c58-1bdc6cf3ae31,018e60ad-bfa8-76e3-a5a6-3bc00adbe2ad
018e60ad-93cb-7011-9fd5-dd88afccc12e,018e60ad-c078-73a0-ab2d-839cb624a5fe
018e60ad-9c9b-7054-8912-02f193cb560a,018e60ad-c0bd-71b5-8a3e-4b8fcd878010
018e60ad-981d-76a0-8776-32fad1f8c160,018e60ad-c0c9-7906-89fe-343c5e8dc91c
018e60ad-95a6-7dca-9d39-d5cdeacdd7fe,018e60ad-c155-7a36-9eca-33994a2eba13
018e60ad-90fe-78b5-b1ab-a22433966524,018e60ad-c195-7e90-91d1-bc311cb2d45a
018e60ad-9502-7ef0-97c1-000a79929f3c,018e60ad-c248-7cb9-a3e2-357a6a7f22e4
018e60ad-95db-7163-a423-2423bb2b9f96,018e60ad-c2fc-7dea-a79f-6d8d030c0fa3
018e60ad-984a-73e0-92be-530a99139530,018e60ad-c35e-7097-a483-610a433bf0cb
018e60ad-91c6-72cf-a1bc-acc8b3c1af38,018e60ad-c47a-78d1-945b-e0d2d474e918
018e60ad-93ff-7b4b-a650-695fd1d2cd44,018e60ad-c51f-7a95-9456-54bc3e058458
018e60ad-97c6-790f-9d4e-49d3170c7f71,018e60ad-c820-7792-bf8d-9a81337773bb
018e60ad-b13b-73cd-9157-cf1d6b75dd8e,018e60ad-c929-7536-a576-235a722dad2d
018e60ad-97fb-7951-8250-00f172ac29e7,018e60ad-c971-7659-a785-6f0fc1654e30
018e60ad-9f6a-7ea5-9a7c-7a9bfc1144a8,018e60ad-ca90-78d5-99a0-6d554a5199b3
018e60ad-b2a4-72fb-ac8f-54403c400e9d,018e60ad-cab8-7f6d-bb96-5170329b5736
018e60ad-98a4-7cb4-8de4-3670b2f6c1ef,018e60ad-cb69-7724-b673-c2785fde9b57
018e60ad-9708-76df-bc57-c0410ebb24d7,018e60ad-cc5d-7ffd-949a-ed2cad404097
018e60ad-af98-7d8d-8abb-1d76bbf68046,018e60ad-ce19-7a7d-9c32-2dc330d5dcca
018e60ad-9a5c-7173-ac16-024f6bf85a9c,018e60ad-ceb3-7759-99ae-581fc549900a
018e60ad-b543-7068-9e33-a6501e7e236f,018e60ad-cf9d-7f1b-bab7-1556f0d82dbc
018e60ad-96cc-79d2-81f6-65e2747db065,018e60ad-d0bb-7dad-a7f4-fe94cbc546f0
018e60ad-93cb-7509-8075-c9c58f45059a,018e60ad-d0bc-7235-b08d-537e1ae044bd
018e60ad-95b0-708b-9395-95a856a522e9,018e60ad-d19f-74ee-953e-b298e2288f4b
018e60ad-a003-7e9a-8ca3-24fc68afa7ba,018e60ad-d1e6-7bd7-b1c5-29f59f31689e
018e60ad-9b97-7b62-8f9f-d015655d5770,018e60ad-d3bb-7849-bb99-096c8c7cbc60
018e60ad-9853-7ffd-9338-bb3e4dc0ec44,018e60ad-d41c-724c-a4ad-3c9012b3127c
018e60ad-98d8-7151-8ac6-3310e69d0a4a,018e60ad-d437-7e41-a81d-2b07b6686d08
018e60ad-9c70-726e-bdba-be4b09a75d64,018e60ad-d4da-7dc8-bc2d-0667836caf8f
018e60ad-bd75-7196-b941-d61cc0a8924c,018e60ad-d5bd-7726-a726-f5e229784c72
018e60ad-b29c-71c9-b424-ee24ddeedcc1,018e60ad-d5ff-7ee8-a7b4-63daf98d1b0f
018e60ad-9922-7b92-bf5a-45458c36cf2f,018e60ad-d706-780a-bf4f-6bcd2f9e57be
018e60ad-9740-7bf2-8c90-78561c482080,018e60ad-d73b-7e2d-a10d-1942a168865d
018e60ad-a192-768d-a609-14e810d4e475,018e60ad-d73f-7be8-b16b-d45731fc2c6c
018e60ad-9625-704c-a502-1bdfd342b5d1,018e60ad-d7cc-7d60-af2b-f9bb385f6448
018e60ad-b057-709f-9803-a2606ba60992,018e60ad-d8a8-7f03-8b61-833d12924345
018e60ad-a6a3-78e7-9649-11796df55273,018e60ad-d943-7480-8ae2-b8b4832cd14d
018e60ad-9a8e-756c-89b5-99d9ee6c1989,018e60ad-d95e-7222-820e-c09f477722d3
018e60ad-995d-79ef-a52f-da2580ad558b,018e60ad-d99e-7614-9f2e-c31b8015b388
018e60ad-af98-76b5-8abe-2f450d9c83fb,018e60ad-db72-72c8-88d4-49e88f79fa12
018e60ad-9efb-77a8-bc7e-881e47a48753,018e60ad-dd05-775b-9d34-6eb9495a4ac2
018e60ad-bda5-7fe6-9b51-475ddb29b01e,018e60ad-dd29-79e3-a4e9-252d0187453b
018e60ad-b08d-7acc-afbd-483fe7f4a2cb,018e60ad-dd3d-7298-a085-3e980a502aaa
018e60ad-c346-771a-b75c-c8f996914b6c,018e60ad-ded0-746c-82c5-74056831f20a
018e60ad-be02-7c8b-a5bf-c5f3f122efe8,018e60ad-dedc-7a13-b5d5-21b2815b729c
018e60ad-b2d5-72c2-b38e-5509b93f3c05,018e60ad-e0a5-73f4-801e-0ff42d0460a2
018e60ad-aff0-7eee-ad87-02b7f725199a,018e60ad-e0a8-7081-96db-82e7d04c2d6a
018e60ad-9fce-7eba-8f78-35271f3b18ca,018e60ad-e1a3-7c60-a4f5-ff32b3e66bd0
018e60ad-9885-7362-ac13-91744fdf0647,018e60ad-e1ec-7ed8-a462-9a5c87463100
018e60ad-b170-70f5-a014-15f021452d8e,018e60ad-e24f-7c10-9e93-5683826d20fb
018e60ad-b3c5-7bda-9abe-ddb5e46aa44c,018e60ad-e378-736a-a8d8-bb00ea5840c9
018e60ad-9498-7a8e-9004-f3058e009d41,018e60ad-e619-7130-bd89-8e51228e1b97
018e60ad-9b97-74e8-a837-e2eee6d2997e,018e60ad-e62b-7307-b432-4a02921dc712
018e60ad-ba58-7d6b-9a88-3a2d302b7f92,018e60ad-e70d-75fa-adc2-263923cd83fe
018e60ad-9bc8-7714-a2c1-6fce7d50bb43,018e60ad-e731-74e8-97b3-7b8e63141d06
018e60ad-a1c5-7825-9bae-d74acf2c3e33,018e60ad-e7aa-7d66-af33-fa04f71482d1
018e60ad-b308-7519-8a4b-abde91cf17cf,018e60ad-e7d5-757c-b962-cbd5ea84aa31
018e60ad-9af8-7d64-b7ce-699eebbfb280,018e60ad-e8aa-7ddf-bdaa-e70381e859cd
018e60ad-b61c-7da2-92a2-79223c2958dd,018e60ad-e8c7-770b-b52f-af7612cd7992
018e60ad-97bf-7bf3-b9a8-4e9a34e06fc6,018e60ad-ec2a-7993-b5ff-df727561b419
018e60ad-9d81-72e6-9ced-3d5cc5825fb1,018e60ad-ec51-7ba8-91ea-bcb13180954f
018e60ad-918b-72d3-8006-d3481af0ccb6,018e60ad-ecc4-7242-8142-0c877678e8f1
018e60ad-b9ef-74f8-b7b3-a5e98f300bfc,018e60ad-eced-7b11-b38c-cb203e6bba80
018e60ad-a040-704e-bf09-967727423524,018e60ad-edb1-737f-b768-5d2177348c5c
018e60ad-b725-72ce-9bc4-8020cec38b3e,018e60ad-ee80-7db0-b618-27bc8511a94a
018e60ad-b983-724a-bdb9-0c684a942293,018e60ad-efec-71ec-ae5e-84d800f3cbc9
018e60ad-c76a-78eb-a371-c077640fe59f,018e60ad-f09a-7bd9-8684-6a5cc0f6ae02
018e60ad-b3ce-78f6-b4c4-7580f4e53186,018e60ad-f107-7ec9-af0f-fd444af29a0b
018e60ad-b44e-72db-8c31-d17f94ca1727,018e60ad-f130-74a3-ac0f-02d750ddcb78
018e60ad-92a6-760f-b71b-deb17fb1b306,018e60ad-f27e-71a7-90bd-dfeae5297db6
018e60ad-b8cf-709c-b9f0-38315f9490c8,018e60ad-f2cb-7f3e-877a-b91a1474aac2
018e60ad-b4ba-7395-b169-ccbac9d4f9fc,018e60ad-f36c-7496-90e7-5f2dfe8b905b
018e60ad-ba8f-7ad8-b2fa-4db73f01de9d,018e60ad-f428-7245-8314-9990ca5e9717
018e60ad-b8c6-76d1-9324-085567f87ec2,018e60ad-f4b1-75c7-a58d-66d9db1f7726
018e60ad-b236-7cac-a21d-16ed156e4129,018e60ad-f59d-7a07-bc95-a06f63e3c979
018e60ad-9b2a-7b83-98e7-343eaf4c7c99,018e60ad-f5d4-73e1-8216-ba70bc8a3c3a
018e60ad-9dbb-7a11-ac4f-698ac13465d9,018e60ad-f627-7503-95a5-237fc63dc2fa
018e60ad-bc5a-7269-90cd-4adff3d6a1e5,018e60ad-f7c2-7b4b-b5e4-04549482f4e8
018e60ad-9635-7126-9c47-9c8e3e5a8415,018e60ad-f968-78cf-8ef6-10b3469e1251
018e60ad-b9c2-7f35-9515-099adb5a9f54,018e60ad-fa7d-7358-b0cd-878641cd64f7
018e60ad-9af8-7491-84dd-94b97a53a183,018e60ad-fbb9-74bf-8eec-196014923719
018e60ad-956e-79d0-ad87-8d555e5ef864,018e60ad-fc63-7a5e-93f7-b7b5b7f8aeaa
018e60ad-dcef-7414-8015-6eb385262115,018e60ad-fc83-74e6-99f9-acc69a132dc8
018e60ad-a0d9-7933-a22e-0adbf934b5f9,018e60ad-fca9-7582-ae7a-5ed6814319e6
018e60ad-a131-7a7a-9e91-65032fb94943,018e60ad-fcc4-745b-851c-28dee44ec82d
018e60ad-bbd3-7225-829e-b47438e4395f,018e60ad-fdfd-72a4-991f-2951873cc5cc
018e60ad-bd22-7272-8398-27a8d615c2a3,018e60ad-fef0-79a5-90cc-98512e78647c
018e60ad-a038-7db9-8393-5ab6dc3172f1,018e60ad-ff7c-771a-8a24-3b59cb4fa809
018e60ad-b5a4-7b5f-b6df-4b1c32ee4a64,018e60ae-0229-7734-891b-77ac2c356a1b
018e60ad-dc59-7575-93fd-3ba96af0dd6e,018e60ae-0254-7cc9-afc5-55c4d3fe82e7
018e60ad-bb98-7a5f-8216-71dbce182ea7,018e60ae-02ce-7a35-b586-a4fa10a388e2
018e60ad-b754-70a9-bcf0-c71587fc2537,018e60ae-02d8-755d-8ae8-2b0274a90a6c
018e60ad-b6b9-78bb-9f40-6bab3f45be95,018e60ae-035a-79b2-b051-960d16377a67
018e60ad-bf89-79df-a661-06d854b16e27,018e60ae-047f-7c75-9a86-839e757265e7
018e60ad-9a5b-723e-91f2-ffbf3e007db6,018e60ae-04e5-7a88-b802-985e00e5adb7
018e60ad-bcaf-7b80-8a6c-915fb54eeb51,018e60ae-04e8-742f-8dcc-bb1ae6a7675d
018e60ad-9a96-72e1-98f3-5bd2df6776fc,018e60ae-056e-71b2-8244-d1e7eeaedaa0
018e60ad-d8a9-7aab-9acb-f181891c9576,018e60ae-05eb-7dcb-be57-fc1838f6e52e
018e60ad-9efb-7e1c-92e4-bf7aeeb41c8f,018e60ae-0612-7b40-aa9f-911256624d40
018e60ad-c313-77e4-8d9c-022b58e6e5bb,018e60ae-07ab-7cd4-85d9-3a4c1d4a1c31
018e60ad-be54-7a6f-97b9-a88ef9e0ef24,018e60ae-097b-7f91-aa74-45f65230bc01
018e60ad-c377-7d2b-90f0-15cc8e8709ae,018e60ae-0a83-761d-968a-76387ee3fea3
018e60ad-9c55-76df-8dea-5cbb767dee8d,018e60ae-0c19-703e-b8e9-c9bfd580bc36
018e60ad-9c01-7cd0-a50e-8aaa076f1523,018e60ae-0c47-793d-bb43-d230411c58fd
018e60ad-bf4e-75ea-933a-d5df6dcbad99,018e60ae-0c7a-7948-a42c-f51872bc514c
018e60ad-dcb5-7ded-afa1-2ce306dfe742,018e60ae-0ce2-70a3-becd-9757645a079e
018e60ad-bb67-7d47-ab2b-cbedcb7293a6,018e60ae-0cf3-7091-9124-262576ada5fa
018e60ad-9df3-7edf-ad20-78040b9a9a11,018e60ae-0e23-7d56-9d96-04cf50ef2d99
018e60ad-b5a4-7d09-86f9-2433dee1975b,018e60ae-0ecd-7879-b16f-ba694955b40b
018e60ad-bbcb-7b72-9ea6-cfa6d2f60801,018e60ae-0f37-7217-a741-29e5a317d634
018e60ad-c70a-76ab-b389-747f9cae8d98,018e60ae-0f88-78b5-ad7a-f5e11168bd53
018e60ad-c26b-7a7c-b3b9-3c201772b91a,018e60ae-0ff7-7ac8-a8f1-0b549a12b33b
018e60ad-c83c-78eb-8e92-f61a62912619,018e60ae-125b-7988-b991-368bce483f41
018e60ad-d9aa-7d38-8918-65e70af541bc,018e60ae-1298-7130-8c38-32f8fd09d5ef
018e60ad-c1bd-72af-a264-ccc1c4231492,018e60ae-141b-7149-8c33-934d67b2bbcc
018e60ad-9c21-7411-bd96-d7fdecf2be9a,018e60ae-14e6-7b66-a2cf-6e2c6145b22a
018e60ad-9cf5-72b8-90c2-922b0ad5b7b2,018e60ae-1546-7d30-ae90-2a67350ecb1f
018e60ad-bf90-7e9a-b905-6a949fc96bae,018e60ae-15f7-72c9-b6d0-a6d357903c23
018e60ad-e17b-790c-86ec-e4ca6eff9129,018e60ae-1679-7c10-98ac-e713f1ac1d31
018e60ad-997d-70e4-a47f-edf875a14ea7,018e60ae-16a4-7a28-a4a3-5b74cecde0ff
018e60ad-99fc-7b6f-9169-a6b342dee666,018e60ae-1701-71c6-99f4-0815aaec3021
018e60ad-978d-74a1-bb4b-2d57ca4ec171,018e60ae-1750-7ca1-865a-0a077bd32797
018e60ad-c21a-7797-bf2f-eb4c8386ebf4,018e60ae-19bd-7168-a748-a27400342586
018e60ad-b234-736a-80ea-389310254d29,018e60ae-1a80-7cb6-9982-2e3ae7158793
018e60ad-9203-7ed2-b471-0d5176f6bd7f,018e60ae-1aa1-788d-a538-404b2644c17f
018e60ad-a0d9-7cf1-957b-396b9577fcb9,018e60ae-1aaa-719c-b2b0-e263cc82891d
018e60ad-d9e2-7fc5-bd96-263139233c3d,018e60ae-1b42-72eb-ab0a-2a81359e3cde
018e60ad-c3f8-7f1b-8187-2446c934641b,018e60ae-1c06-7931-9b5d-1d6f0b2ec120
018e60ad-c92c-75ed-9f55-652f3c3cc879,018e60ae-1ce7-7423-9ca3-585e2cdd1f14
018e60ad-c59d-7390-8764-5b243c9dad79,018e60ae-1d96-7640-a7ac-e5043786954a
018e60ad-bce5-7482-b151-9f413538970d,018e60ae-1de9-7a81-9333-fbf51e992c40
018e60ad-bb67-72ec-b45c-162b2793f468,018e60ae-1e4f-7035-adfa-86cad861db40
018e60ad-c507-7246-bdca-abf2a62351e1,018e60ae-1e5e-75f3-9b71-05b9a79a1af8
018e60ad-ba51-747b-83a8-bcbebc1ccaef,018e60ae-1eb1-781c-9631-dfb5ce3f16d0
018e60ad-bb2d-7b82-8d02-e151487ed53f,018e60ae-1ef5-71d4-a765-7d183cb674f4
018e60ad-c14d-7c3b-a7bc-9f140de818fa,018e60ae-1f5a-71b8-a718-9dae4886b2a5
018e60ad-9b30-7fbb-b205-584cc59f1264,018e60ae-20da-77f2-8dd2-404e9008192c
018e60ad-d151-7ca2-90b4-455f09357e07,018e60ae-2174-7764-80c2-adcf10d1477f
018e60ad-9fce-7962-841f-679c069927ba,018e60ae-228f-7c6d-8ec5-8e20c256350c
018e60ad-be83-78e0-89dd-bf6dbb89dda7,018e60ae-2297-70a5-974b-b3c56452b043
018e60ad-a00c-7c6a-9c90-a37264566fa0,018e60ae-24a5-73b6-9dd2-c6dc4fa62d40
018e60ad-cd1e-7160-ab6c-4a5748c7f55b,018e60ae-2598-7cd5-816d-fb20ab60c624
018e60ad-9cd6-7315-ba6f-d9fb7cc22ca3,018e60ae-2618-7b47-8207-c9ee0c35d7a2
018e60ad-9ca4-7cec-8da1-7da017f7885b,018e60ae-26a7-7ca1-9bc8-cc3e107e85a7
018e60ad-c45b-7179-a3ae-20f9cf79eb29,018e60ae-26c8-73d6-a96a-f6cbf09129f1
018e60ad-cfc3-75f1-8724-3be243cb4e82,018e60ae-2790-7131-81ff-3466fa8289fa
018e60ad-d019-720d-ac73-1b29a350cbb4,018e60ae-2910-7ed2-8013-d8c353e76e2f
018e60ad-dad1-7c0d-8b2c-f146cc7e5edf,018e60ae-2a55-7a3b-8819-09e4fd0e8e61
018e60ad-d184-7c07-83fc-fbdefb1c96ec,018e60ae-2a78-7cd6-b352-cbff72652f02
018e60ad-9a05-7c5d-9a78-fdba8e84e214,018e60ae-2a8c-7f4c-b45f-1c43c64adafb
018e60ad-b176-76ca-9f31-c09727c71b82,018e60ae-2ba2-798f-bfa2-693add4cd0ab
018e60ad-9d56-70ba-8d0b-a5ce9609b915,018e60ae-2bd1-7138-b7b6-c231a8255054
018e60ad-dc1e-7255-a824-e1e828e83822,018e60ae-2c46-7b48-bd29-361006f1af1f
018e60ad-d339-75fe-8796-ab8d12b813a0,018e60ae-2c6e-72a0-b0fb-cfae58a1c37a
018e60ad-9bcf-777a-9ba6-072cbc625889,018e60ae-2cf8-7391-bd07-3ac5d2ffee37
018e60ad-b08c-78c9-bd40-5905567575bd,018e60ae-2ecc-7c03-add8-7f91c0a5e5a6
018e60ad-ba1e-7bf0-ac4e-366cef960971,018e60ae-2fb6-7d13-bda8-c3cc8dd67e75
018e60ad-98f7-7b69-a95b-fad782f33dac,018e60ae-30de-785b-b368-eb66e8c459c2
018e60ad-bb32-7a50-89d4-6b60504bd70a,018e60ae-3246-78b0-9932-7fae269d2037
018e60ad-c010-7888-8cf9-64580fe9ff6d,018e60ae-32bb-73bc-9c7a-310764f3533a
018e60ad-dc51-79df-9e3d-ae300708d5f3,018e60ae-3309-7517-b729-1101c50ba163
018e60ad-9d24-777f-80d9-0ed90d11a16d,018e60ae-33bc-759b-934f-63d7b19c6769
018e60ad-b3fe-745a-b994-3f1c1dcaba7e,018e60ae-340f-7cb6-91f8-5517c0002923
018e60ad-b6c1-709b-92df-9f4ece947b76,018e60ae-34fb-75a3-bafb-b71a29199d49
018e60ad-d122-7880-b486-2dfeae62cde4,018e60ae-3532-77e9-be4e-c580aec9382e
018e60ad-b26f-7894-9ceb-14a5e67e19d6,018e60ae-3585-774e-b993-1fc40d807a9b
018e60ad-d57a-7f4b-b416-d5f8370b3794,018e60ae-35e3-7e58-8474-358ac982cbea
018e60ad-b13b-711a-a28e-f712ea925c55,018e60ae-364a-7588-8571-0a7343cfb99c
018e60ad-ba20-77d9-887e-473f355ee287,018e60ae-3745-70a8-a2b5-05ddc4e33178
018e60ad-dd19-7513-8cab-a3725ed63d55,018e60ae-38dc-7465-af8a-e81134397ba2
018e60ad-d914-78c8-a394-a65d78088ecf,018e60ae-3afa-723e-9aee-7cabc3473f0b
018e60ad-c0b8-7e28-ab89-a81cbf31d29b,018e60ae-3c26-797a-9e50-3ec59d84c216
018e60ad-d409-72d2-89ca-13160b2b5fe1,018e60ae-3d9e-700f-a021-352a5188a686
018e60ad-c9d4-7e8e-835a-e607ba06ee93,018e60ae-3dd2-7a8f-8654-c1efe3720df1
018e60ad-d17c-799b-af2d-231f63b80769,018e60ae-3e48-7347-9441-531ca3770b93
018e60ad-b778-764c-b621-eb1217ad55e5,018e60ae-3ec3-7a21-b940-511517865e65
018e60ad-ba88-709c-bb74-d20b0c558c82,018e60ae-4000-7208-a46f-8cce0500c94a
018e60ad-d91c-726d-806a-d89a8b646b3f,018e60ae-409b-7e0c-bedb-82556c8821ea
018e60ad-de29-7104-96fb-7392090a9dec,018e60ae-40f1-7e37-b7de-55ebc55dfb4a
018e60ad-b85e-7643-9120-7bab9842692c,018e60ae-4287-78df-b138-97b2a8da2917
018e60ad-a6a3-7c9f-abaa-9dc223034196,018e60ae-4326-7d7c-b5ad-23d481ef7ca6
018e60ad-a131-7cb9-9496-212be999cfda,018e60ae-43f4-7995-87b0-d6209dd1c179
018e60ad-c88d-7c13-a74f-b90f44951cdb,018e60ae-4446-74b1-8819-0aad60831487
018e60ad-bc23-77ea-b73a-2197643e67cf,018e60ae-451e-7d85-a535-290ae00890cc
018e60ad-cc80-7657-8e96-12708b9a1027,018e60ae-451f-7f78-9921-34107cb1e868
018e60ad-e0c5-789d-bf20-f2d0b192ae6b,018e60ae-45a2-7f7b-b7d5-9ffe5c454ddb
018e60ad-e097-728b-ba0d-0f3a0c35a8cf,018e60ae-462c-757b-8c38-91b0b38deb5c
018e60ad-b993-7149-94e1-02b211761c49,018e60ae-47be-782d-87bc-8b5a2cb1aa0f
018e60ad-c2aa-73d9-8764-a8b948cf8fc6,018e60ae-488b-7b56-9898-2732f8569949
018e60ad-b5dc-783e-8b89-78065f0bcfee,018e60ae-48e3-7b20-847a-549b82c5bc32
018e60ad-b4b3-737f-950e-4508a2b1d5f5,018e60ae-4a0a-75ea-be33-ef3528f28bc3
018e60ad-bf24-7a19-b15c-f1d4076e928e,018e60ae-4a50-7903-957d-d7a1847a9f45
018e60ad-de55-70f9-8b27-55e1baf078e9,018e60ae-4a69-718e-ba4b-c82547f45150
018e60ad-aff2-791a-be7b-a24c39a81897,018e60ae-4b41-752f-a00c-936287863917
018e60ad-df7b-79e2-9530-1097b56b06f6,018e60ae-4bd4-7cd5-9868-5e9018b447ba
018e60ad-df50-717b-b643-7c6c20c1c504,018e60ae-4c7d-7d95-a304-10a88a85b472
018e60ad-b7b7-7802-963f-dd25e30a9e97,018e60ae-4d21-72c7-8bec-11c59a04bff6
018e60ad-e003-7c46-8343-f35b75d8f6db,018e60ae-4d9d-7f21-bc5a-85179760b7a2
018e60ad-bee3-7268-9cc7-e59f0efb274f,018e60ae-4dd5-7657-aca5-e6d3ed9bdafb
018e60ad-b6f1-7b98-ba9a-a5c5911af886,018e60ae-4ecf-7764-b9fc-c438e35108e1
018e60ad-c963-7e28-bc31-aff700ae43ee,018e60ae-4f85-77b1-aab8-273375154d7b
018e60ad-b959-7122-b9f1-c1dc38c34d04,018e60ae-4fd6-742c-842d-58bd76719e28
018e60ad-c010-7584-a363-250b3b321a0d,018e60ae-50a4-7d40-ae12-8879141cdfaf
018e60ad-9dea-76a0-b1fe-1160bb60b36a,018e60ae-51d3-7e2e-b312-17a81df18cd1
018e60ad-c186-7ae7-bfc9-ff7ecb0f96f1,018e60ae-528b-71b5-a015-67d683e55884
018e60ad-beeb-7258-ae70-ab180a490020,018e60ae-52f1-7f7a-8f97-40dd8b35be47
018e60ad-b5dc-73b8-89ad-22d78c688fdc,018e60ae-5445-7e54-afa0-1fce389eec87
018e60ad-e1a5-7914-bbea-8072fa8beb11,018e60ae-547a-745e-8a33-5f4788d55ca1
018e60ad-d4af-7384-b7b6-b28d99d43876,018e60ae-5566-7d7b-a700-4228eaecac1f
018e60ad-b3f7-7f63-8eac-a44a79ade931,018e60ae-55aa-7a29-827e-fdd5dc130d3b
018e60ad-baf1-77f1-acf7-93e7add0c245,018e60ae-56df-7ff4-9552-a08288626e37
018e60ad-c07e-754a-910b-13453fdb3def,018e60ae-580f-754a-9778-d5e8eb0580b2
018e60ad-b807-7c78-9364-99250c626151,018e60ae-58bc-7657-b852-8312fd9270b1
018e60ad-b389-7b28-94a9-d1b1492fc141,018e60ae-5948-7e99-8adc-1adcf6c40aee
018e60ad-c112-7b00-abba-97f5e8e08d7f,018e60ae-5aa0-7d2b-97d3-99d56b7f03e6
018e60ad-b681-79af-bfd0-031586672f3c,018e60ae-5ad1-7d7a-be76-5e729cdfdf05
018e60ad-c2a0-74de-a9f5-8dd880e543f4,018e60ae-5b90-71b4-8cde-e6798f1c5b38
018e60ad-bce5-7ee4-82c2-d5b6997ff14a,018e60ae-5c19-7273-bbf5-688f9e3b485d
018e60ad-b92a-736d-8126-af5b4320cb69,018e60ae-5d18-73ce-8647-970308d5d018
018e60ad-c634-7841-9a22-47808807e252,018e60ae-5d19-78a2-897d-ad0b825703b3
018e60ad-a192-7009-914c-76fa304be8d4,018e60ae-5e2c-706b-8389-ecead490b77a
018e60ad-b266-7272-91a1-5fb12f1cd75e,018e60ae-5e69-775e-bf29-0f15c7118e94
018e60ad-d5e6-7999-bf03-c4ff767223ec,018e60ae-601d-7bf2-b401-879d9f848521
018e60ad-b689-73e3-953f-e1fa71a5579e,018e60ae-603f-741b-83cd-e30fcbd6b858
018e60ad-c3a8-7885-ab94-b4d20cb834c4,018e60ae-6292-7e72-9b01-44ba70118155
018e60ad-bda1-7806-a623-5719837f1d54,018e60ae-62f6-7cae-935b-d1308bdbeb24
018e60ad-b64c-7a34-ac7e-22e9fbe4df1c,018e60ae-63fb-7bf3-9b6e-46d477e7e1e7
018e60ad-b389-7e1b-ae43-e6ee56544483,018e60ae-65ac-7bc9-9b62-5e85f65b3582
018e60ad-c498-7b19-8b79-2b25feecbb82,018e60ae-664e-7362-82de-5a0c27c39d39
018e60ad-bb9f-735f-ae56-b52f1fe7f1eb,018e60ae-668f-7021-8a89-b810fccec409
018e60ad-c0e3-74ce-b5ed-de081bba0658,018e60ae-66e8-71d9-9989-6565a801110a
018e60ad-b543-72bf-83e7-11ad8d95d649,018e60ae-6761-763a-85ca-5b51c23772ef
018e60ad-b2d5-7e14-adfa-784c49af410b,018e60ae-687c-79a7-82db-ede50f178392
018e60ad-c500-73ce-861d-3c82e62b4d0e,018e60ae-6a9b-77e1-bdbe-674be74b86f1
018e60ad-b057-792a-b339-d8b4fe693817,018e60ae-6bd8-7d0e-b34e-59144d1f696d
018e60ad-b482-7c62-adb8-1ce873a2cec2,018e60ae-6bdf-7b3d-b2c6-840c02f9765f
018e60ad-be75-7d0a-ba83-e7b3d4bd8e3a,018e60ae-6c37-7697-9c83-e552decd2cd4
018e60ad-c56b-776a-8b6b-3972662e5021,018e60ae-6c38-7e22-a597-ed444060258e
018e60ad-c11b-730c-a605-d1a84253c9d4,018e60ae-6d29-7919-95d6-20f1a2969e79
018e60ad-c2d7-71a3-8a3a-f36fdcedc337,018e60ae-6d78-78db-9551-754a4cf3d967
018e60ad-c83c-7dd0-8af4-9c839052f6cd,018e60ae-6da8-7da3-9c99-1751f3b0b668
018e60ad-bc7e-7641-befe-43cd622925de,018e60ae-6fb9-7bde-81fa-904bba0d9fd2
018e60ad-c537-7d41-9a53-de4f6914e02d,018e60ae-708b-7d8f-a136-2623211da61d
018e60ad-c33e-7b07-83da-c25ff93b0d0b,018e60ae-711d-745c-9b53-3028d48cbe7f
018e60ad-b654-749a-8da7-1db7f52d2442,018e60ae-7227-76e4-8a2e-3eced7ff8313
018e60ad-c66a-74f8-b717-22bedef25f2b,018e60ae-73cc-7e96-b303-084342c07a15
018e60ad-cabb-741c-a97f-13327b339c05,018e60ae-75f7-7e08-b463-fe76a96811c6
018e60ad-caed-7492-bed1-30a46b34e11c,018e60ae-764e-7173-8308-afee97c6cb20
018e60ad-b6e9-73b8-bde4-fbee3bbc9b49,018e60ae-76f4-71d6-9c61-79f600232f16
018e60ad-ce2e-777e-a83d-5183487ce426,018e60ae-7802-7374-9860-b311acf1e676
018e60ad-b509-7f88-8591-5f6920485b50,018e60ae-7825-7b9b-9bbf-ed37b1e91969
018e60ad-c2e1-7890-89a9-3f428f8db049,018e60ae-788f-703b-aa55-dc8654970761
018e60ad-c63b-788b-9e4d-d4b06e256723,018e60ae-7935-7c6c-ad33-5a87aeda1274
018e60ad-ca9c-7532-8331-3c4674a7d156,018e60ae-79a7-7ed0-becc-ea796030c2ee
018e60ad-ca21-7ee5-8817-7fd97529432e,018e60ae-7aad-7044-8c9d-cfe7a688a070
018e60ad-b71d-7caa-8ff4-6e8388a25efa,018e60ae-7b0d-7ecd-a513-e1127324af00
018e60ad-d2b8-71e3-bf69-343980e06ce4,018e60ae-7d39-7af0-8494-0898eab124f8
018e60ad-cb26-7d7c-80ec-59047e71b302,018e60ae-7d39-7df4-b6f1-d891b563bba4
018e60ad-c563-7413-89f3-9f37446c32d8,018e60ae-7df2-7519-9a52-f388cdb1f777
018e60ad-c3f8-762d-8094-c97556843c76,018e60ae-7f10-77f6-b0b0-a42bdd1609b9
018e60ad-c4c5-7754-89f3-13c77540c364,018e60ae-7f42-74a0-b042-9ebfe4e73330
018e60ad-be22-72c6-b91e-9e145ccc7dd5,018e60ae-7fda-705b-9438-af9b9a402b8d
018e60ad-c5a3-7729-9e10-48476f4b9fb2,018e60ae-81ff-7e7f-bb2a-897963bd3336
018e60ad-b509-7fcc-a708-d46c3e3f6b15,018e60ae-82f5-75b3-90b3-fac296021720
018e60ad-b44e-7150-837a-b2af059c636e,018e60ae-8424-7440-98f6-c322c35e516f
018e60ad-c6a2-7003-8d5b-0feebd863c63,018e60ae-8536-7f2d-b82b-1694254fabb4
018e60ad-c6d4-782f-94c5-0ee9ab302040,018e60ae-854c-7981-b597-72290c2c579a
018e60ad-b624-702e-b3f5-75f9e97ec2d6,018e60ae-872f-73a7-8a92-70f38b5ca6d9
018e60ad-bcac-7031-bcac-4e3851f4bad4,018e60ae-87f5-7d60-8fe5-306b05a83941
018e60ad-c154-7b00-bb19-fb8d1662b67d,018e60ae-8835-78e4-b174-9a5ccae5d52c
018e60ad-cc20-760c-b05a-51b45b76b82d,018e60ae-8940-7ed4-b790-b93b0e30e9da
018e60ad-c602-748e-a1b8-48c2b68d8363,018e60ae-898b-79c5-8bd1-739768184f77
018e60ad-c52f-76ac-817a-b4326c3ee26e,018e60ae-8990-7e3e-b466-8881002ff05e
018e60ad-b838-706c-8cb5-4be54ebb94c6,018e60ae-8a93-783f-a488-0545edf79a2c
018e60ad-d50f-7723-9412-800827f29ac6,018e60ae-8b5a-74a2-be3e-cdf79d079475
018e60ad-c3b0-7a20-9850-9dc2b0f9950b,018e60ae-8cd0-7d61-8e52-d1b0a3c913ef
018e60ad-beb4-77dd-b39b-30156cabf796,018e60ae-8d4a-75c9-9342-fe8ddbaae724
018e60ad-b786-7dbf-bce2-88e23254d2c9,018e60ae-8e61-7f76-84f9-75260bcb795c
018e60ad-b7d9-729d-bfe2-cd7f1639ccab,018e60ae-8e7e-76a5-b2b2-78a27bb8d668
018e60ad-b899-74ff-90d9-24ef4ef48c43,018e60ae-903e-75f8-8cd2-965ae22e7eee
018e60ad-babb-7a70-a3e2-c3ffbc442c60,018e60ae-9183-7246-979c-edff81bdcb11
018e60ad-cecc-7c93-8498-1fc802b6b83b,018e60ae-9251-73e2-999b-070b1d04e296
018e60ad-b488-7ad1-b42f-e371ab712e21,018e60ae-92d2-7bc9-a93b-0f7741456896
018e60ad-ca06-7edb-8c91-575f16d09a01,018e60ae-92fa-7cb9-9f71-d6940f92898b
018e60ad-c26b-79ed-8c28-b4f42e782a76,018e60ae-942b-7016-bbf6-b3b9c984b7b4
018e60ad-cb56-71b3-8a69-32dd34c05885,018e60ae-9439-74c2-bce4-d892406b0aa1
018e60ad-ca70-7f56-a122-0d82876204ce,018e60ae-9716-7d0c-8a9f-479aaf77ec6e
018e60ad-b867-7d85-b075-0a8bcbdede58,018e60ae-9934-75de-90b7-2d1da71948e3
018e60ad-bac3-7509-9f9d-1873bed0c5fc,018e60ae-99c4-7efd-bb26-c9af30a968bf
018e60ad-d746-71a0-9edd-425e8d2191e3,018e60ae-9a0c-7d3f-b333-3e5b9b22bf87
018e60ad-d089-75f1-b83d-419c78644a5d,018e60ae-9a30-7acc-9421-8d7a5797a40f
018e60ad-c04c-7943-90ae-07c5ceb64e24,018e60ae-9a6a-7a4e-8c07-664348ad40ab
018e60ad-bc23-7fd5-8617-d8de35e9d27c,018e60ae-9a86-7f7c-b595-339f80693d5b
018e60ad-c6cd-71f2-9773-6513138cfefc,018e60ae-9a90-797f-a7c4-89325e212e23
018e60ad-cdcb-721d-8e14-a94fadce8974,018e60ae-9b46-7ee4-bd7e-0cd4cefa464d
018e60ad-cb0f-7c52-9fd5-2af98caded05,018e60ae-9bc5-7be0-8333-995b415ce913
018e60ad-d944-7123-932d-9bb21f728902,018e60ae-9cc4-79ac-89c6-47fae2ed1c3c
018e60ad-c88d-793d-8069-3dc1a590852c,018e60ae-9f66-71f1-8e51-46d47ccb3877
018e60ad-d01a-757f-8872-210e4903a904,018e60ae-9fb7-7e07-b633-f687569fd5cf
018e60ad-d746-7b29-a95e-f5de46fab516,018e60ae-a183-7981-b10f-da2d67eef3c2
018e60ad-c95b-79fb-81ea-51a6366b6dc0,018e60ae-a43a-7758-90c4-939dc8dc0ccd
018e60ad-dd22-70a1-8ed3-78c88ffb9248,018e60ae-a4f9-752c-a47a-17f7563cc356
018e60ad-ccba-7eda-bfb4-a8a99fcc4a91,018e60ae-a561-7028-b906-b46033bf6370
018e60ad-d049-70ef-80f6-dd75a5c1d753,018e60ae-a5c9-74a4-af60-363778dbe252
018e60ad-ceff-7b40-a0ff-06a65dd75e77,018e60ae-a63a-7aba-9da5-b442984a3029
018e60ad-c76a-7570-96fd-72b91add85e0,018e60ae-a7bc-71ea-b055-f45c6a2e28af
018e60ad-bafe-76b5-b95a-48ed6bdcf064,018e60ae-a852-7f02-87ad-e72e1bd4698b
018e60ad-d256-7c98-a068-2bcdb3432e5b,018e60ae-a8fb-792f-94f2-ddf73daf0e31
018e60ad-d94d-75cf-914d-80b39bff135b,018e60ae-a90e-7c6f-9d1a-83bb845013e7
018e60ad-db87-7fc4-b5b9-c15e2de86c1e,018e60ae-aa53-788c-8c4e-e589bf2ee05d
018e60ad-bfc0-72cd-8c2f-dc2729bfc6cf,018e60ae-ab7b-7ae7-aa9f-d504273201c4
018e60ad-dbee-7c5d-abf3-757335cafef6,018e60ae-abdc-7d63-9b00-a6968595a7cf
018e60ad-c431-725b-a934-bea80e9aa32f,018e60ae-acb8-7a95-920b-19f95117998d
018e60ad-ce6b-7670-9dc7-5aa98f9b16ff,018e60ae-ad87-789e-b6cf-7f872f15623b
018e60ad-cfc4-7c2c-a1f8-29faa3ee5599,018e60ae-adf3-764c-b142-096b087ad214
018e60ad-d0b9-7a02-ba6c-b8312fcdb616,018e60ae-aeb5-78ad-8c9c-ad45aa84559d
018e60ad-e03c-7176-988a-e084a37ae710,018e60ae-aec5-7ef7-9456-e6a915018032
018e60ad-d223-7b3d-b583-581e6eb2c334,018e60ae-b0b2-7c6c-bfac-cbfecc4bf329
018e60ad-d572-7b69-aba0-6843288fc739,018e60ae-b41c-7c2e-9aa6-10d5121222d5
018e60ad-d47c-7304-a479-f86cbb3429e1,018e60ae-b5d9-783c-a059-4b9be94450a2
018e60ad-c672-773b-863a-636493f066f5,018e60ae-b5e8-7729-861e-11f9d74c5e72
018e60ad-d0e3-756f-a1d0-7025315d8540,018e60ae-b6c0-7315-942b-e8ea6a44db37
018e60ad-cb88-7a0b-9d25-95b57ce5da11,018e60ae-b6de-7441-9f93-b4294e29a089
018e60ad-e034-7812-aa5c-f8b98bfce626,018e60ae-b6e8-7e33-88a0-14977fb8ec94
018e60ad-d7e3-71a7-b794-52cbabdaccb1,018e60ae-b74d-7399-8eb6-d84638e9cb41
018e60ad-d2e5-77e9-abf9-c1eaa8bc8b5b,018e60ae-b7db-78e9-87cc-a6203a4666f1
018e60ad-c30b-7ffc-b229-1953f0cc9b53,018e60ae-b7f3-7c20-914c-3e82de63dd7f
018e60ad-e0f3-7788-b692-779ac45fa0fc,018e60ae-b8e8-73f6-8b5c-1a78a1134c80
018e60ad-ce2e-7c90-b469-81601a33a049,018e60ae-ba8b-70d8-8499-67916ef8e56a
018e60ad-cd92-7883-9bcf-320f0667f3a7,018e60ae-bca1-7c56-a198-6db9bddd08c7
018e60ad-cecd-788f-a16a-bd80dfa145f5,018e60ae-bcb9-76f0-906c-41f5e628dcfe
018e60ad-ce6b-7e21-959e-aa9d2fdce0ea,018e60ae-be38-7303-a7af-e2648fa18a79
018e60ad-d30a-7df4-8831-c46523e3b15e,018e60ae-be99-7ddb-bf27-1b094778c17a
018e60ad-debd-76ce-a2e3-8092dbadb571,018e60ae-c024-7024-be95-a2acec965f2e
018e60ad-d424-75de-9b60-07970246426d,018e60ae-c029-70cf-844a-3b43fc25ffd2
018e60ad-d9e2-75a5-ba38-2634dcd9334a,018e60ae-c1e4-79bc-99f8-3450964685a5
018e60ad-d66c-7a72-9b99-1cced084afc7,018e60ae-c315-785c-a70a-61b22e7ce769
018e60ad-e28b-79dd-bceb-dac3d39e90c5,018e60ae-c385-703b-81ad-1a11e9f6d734
018e60ad-e06a-72ff-a52a-4803cc2f497e,018e60ae-c475-731d-8a86-c5bb43913952
018e60ad-ddaa-78d5-8eef-edda7ead99b8,018e60ae-c55d-764b-9f20-1654585906a0
018e60ad-e2b5-7c8e-9db5-ed8455378165,018e60ae-c579-7bfe-94a5-8caa744f519e
018e60ad-c044-7cc1-9585-8a29552b0a31,018e60ae-c603-7747-ab5e-4a43d3514424
018e60ad-dbee-7519-abf3-5a5bca6b67be,018e60ae-c649-7a8a-be87-662ad12ea36a
018e60ad-d378-70f0-92ce-f7af7427db68,018e60ae-c739-7e66-8a0e-13c2c18cf8cd
018e60ad-d051-72e9-aac0-ecd6eaa0b06b,018e60ae-c7dd-772b-bd9b-c5e62fe55a43
018e60ad-d4db-7e42-94aa-3d6e9df4dbec,018e60ae-ca07-7cbd-8e25-2bc606b94d2e
018e60ad-c463-7668-8ada-05c8cf6e3208,018e60ae-cabf-7f94-b3d8-5ab53127033f
018e60ad-daa3-74d1-ace8-0fe16a039d17,018e60ae-cc16-768b-bf7f-5098e09b3616
018e60ad-d84b-747e-99c6-1ef1e197d308,018e60ae-cd13-7999-9f19-473a3d0e6eb9
018e60ad-e230-763f-a396-34ef7b11cde9,018e60ae-cd88-7b0c-b6ea-62c1c6d6a52f
018e60ad-de8e-7518-b8db-adfb931e93e4,018e60ae-cdbd-7479-8e0f-199d2aa9eb9c
018e60ad-d5da-77a2-950a-136f74fe7c2f,018e60ae-d1b4-71d4-914e-afaab4309a25
018e60ad-da6e-78fc-a495-22b12e9e8787,018e60ae-d1da-7e46-9055-a680fc0d7fb7
018e60ad-d7aa-76b1-b509-d511a1128af8,018e60ae-d229-7270-842a-e726017e7dde
018e60ad-c4ce-700e-b2a1-3a8f74cf07b5,018e60ae-d243-7878-8465-270da036c7cb
018e60ad-cbe8-7cb0-8b07-a5d6202a6c88,018e60ae-d29c-795e-9c57-f82c6784ab42
018e60ad-e2df-76b4-8e2b-aabc78ee8d0d,018e60ae-d344-7019-a533-d273d1dd2409
018e60ad-d9aa-7a9b-96fc-7f06d3f7c292,018e60ae-d453-7a34-a77e-c4b8c338cb49
018e60ad-d11a-75e8-9c79-e3525e49ced3,018e60ae-d470-7f80-998e-d573da41e625
018e60ad-bf5a-77ea-84db-a38f3d497e1b,018e60ae-d4a6-776a-8b21-78198c7259a2
018e60ad-e0c1-787c-9aaf-e49941a5605d,018e60ae-d530-7d1c-abab-fd10fb668cb4
018e60ad-cbe8-7153-90eb-7b2852dae902,018e60ae-d735-7ddf-8e59-bb35abe24d27
018e60ad-c380-7e1d-b7b1-a4c4a8f7e537,018e60ae-d7d9-78b9-bf58-b0505825d621
018e60ad-dddc-7e81-95a7-df02b6708a53,018e60ae-d8dd-722b-8ecd-bd733313f14a
018e60ad-dd79-76ed-8090-3eb49d4f442e,018e60ae-da1f-7294-9a68-437f98e6617f
018e60ad-b900-7dbc-a71d-bf8f6746f8a0,018e60ae-dad1-79f8-9d42-ac4773e40c53
018e60ad-df16-7b6b-9a71-ad1614bc4908,018e60ae-dc23-73e6-bede-79752e678eaa
018e60ad-ceff-7f4d-a805-2edb464bcdea,018e60ae-dc9f-7f6c-b2a9-a583542e74a0
018e60ad-db54-78e4-bae0-c39751ca43d0,018e60ae-df47-7b67-b55d-a4d416d4942b
018e60ad-dcb5-7737-89c1-85e5a500f4e5,018e60ae-df5a-73c9-a507-dc84475a0e19
018e60ad-df21-713e-98b8-99c0b20e01bf,018e60ae-df9a-7072-bb91-14a28942d002
018e60ad-d081-739c-99fa-5138ba7a1379,018e60ae-e067-7b15-a2d0-333fcb61f2e3
018e60ad-dfa9-724e-bf87-7f8b47c50b42,018e60ae-e084-7c79-b02e-2ddeef72da89
018e60ad-c79a-7c69-a1da-55adfa7e2e08,018e60ae-e14c-7ebf-a65c-756da1d142a7
018e60ad-ca52-7215-96b7-c27c8f4804c9,018e60ae-e1d4-7f64-b39f-c67a3105bb49
018e60ad-bd15-7810-943c-d2aed05f3202,018e60ae-e2d3-7a03-b2b0-2aa502bb6d19
018e60ad-cd26-70be-ad8d-66c162422ae1,018e60ae-e324-784b-a0a5-94091a1b1b3b
018e60ad-dd79-7aea-af71-6f259ca3c573,018e60ae-e43c-7f29-8b47-796d37725656
018e60ad-c17f-76c9-8db8-d65a9b56a80b,018e60ae-e4b6-7fc7-92a2-10395fc56726
018e60ad-cd5a-7446-b104-1e9496ddf80a,018e60ae-e59f-70a4-a828-a0234b3214a8
018e60ad-c602-759d-840b-0cd874374332,018e60ae-e68d-7558-aa67-511e31950be0
018e60ad-bfc7-743b-9fd3-8774312bfd99,018e60ae-e88e-7fca-b472-e96ae063e0d4
018e60ad-c8de-7f08-a8a5-05d019f64d20,018e60ae-eadb-7594-bb9d-ff9c357739e5
018e60ad-dce7-7855-bbbc-9eca24455ea5,018e60ae-ebde-73a3-9b7a-d19357336036
018e60ad-c69a-7dec-a95b-b1478c4a92bb,018e60ae-ebfc-7046-a784-9cb744e00d76
018e60ad-c92d-702e-8e1d-9272f18815cb,018e60ae-ec0c-715a-a61d-a69b709fde21
018e60ad-bdd3-74a3-935c-ba9b9f16fdc5,018e60ae-ec41-79b8-b7eb-35e5f56098c3
018e60ad-bd50-79e2-9869-cb0dd283af4b,018e60ae-ec6c-7cca-9eae-f1811576783b
018e60ad-ccef-7c89-aabf-c8fbbe956cca,018e60ae-eded-7a0e-8f4e-23c462487510
018e60ad-c70a-7269-849e-22b71796c78c,018e60ae-eea6-7479-9e69-d94dde56f8a6
018e60ad-c0a7-7c7c-8b60-21bdde607030,018e60ae-f0c4-76c7-9f33-78bce5823e19
018e60ad-d1e5-7630-98c9-fc2f25c4a079,018e60ae-f197-71f9-b08a-44d23eeaedb9
018e60ad-dc25-749b-9bb4-1f403ac4bcd4,018e60ae-f1b6-7302-8507-687454121fb5
018e60ad-d1ba-7177-aa15-fe5f0ce791c4,018e60ae-f2d4-7312-a443-002c8c70a496
018e60ad-d84b-71a0-8ba7-412a518f7fb4,018e60ae-f2fa-78e0-84e3-80d596c3c996
018e60ad-c1b5-79c6-b2d8-f8997d6406df,018e60ae-f318-7740-aa14-e54647401959
018e60ad-e007-7f57-8927-a829c41cc910,018e60ae-f3d6-7422-b331-c1ae583e5dc5
018e60ad-e200-71a4-9ca9-183f1b4297e0,018e60ae-f546-7d8a-9308-8be3d600887f
018e60ad-db27-77c1-ad5e-66e83fd5820b,018e60ae-f830-7fe5-8d45-97e6051b2318
018e60ad-c9a9-7bb0-8916-15d5ac482abb,018e60ae-f945-7c0d-8f50-45be36f0d4d7
018e60ad-cb80-72df-9cc3-0a4a9aafc2a8,018e60ae-f9d7-707f-aa38-7fd0eccada7b
018e60ad-d542-78be-9889-f2c325155c5c,018e60ae-f9fb-79a2-8551-7d730c0a3307
018e60ad-d389-707f-a2e6-b29c6ec99dfd,018e60ae-fa1c-7740-96d5-667e8c90e669
018e60ad-e1ce-76cd-8245-7d208b66f544,018e60ae-fa29-7dfe-a877-1c4d44de5378
018e60ad-c991-708e-97b3-3ccdf4376ed8,018e60ae-fa2e-7471-acf6-428e2776de2e
018e60ad-c7a1-7d88-8c6c-26bd1f7c0843,018e60ae-fc2b-7278-a995-32b1fdf1739d
018e60ad-bf1c-7956-8282-af6458f0d651,018e60ae-fc38-7c1d-bb4e-7cf8dc53c8b6
018e60ad-d6db-7ba4-b002-0464544cb1a6,018e60ae-fded-79cf-ad65-3e1526f23351
018e60ad-e14b-70e4-8519-f3cfa496a994,018e60ae-fe63-766a-acec-3634ef676b2f
018e60ad-cf64-75da-a23f-39358d8f8aaf,018e60ae-fe9d-74e6-a0e0-38fca52c59b4
018e60ad-d44f-7958-8785-01358d0bf87b,018e60af-0252-758b-ae41-097da52a2a48
018e60ad-d0ec-73d3-9291-13bfd11c27cb,018e60af-039e-7e5a-ac72-437bfd24f24c
018e60ad-e11d-7f32-be25-a64568a5c708,018e60af-0443-7aba-9a6b-c91652b3e471
018e60ad-c7f2-75f3-9634-9c7e9b3fbaaf,018e60af-0530-780f-a826-7914c32c4eb3
018e60ad-c7f2-738c-9e1d-5ef146aed310,018e60af-0599-709b-b9bd-a4c6aca24cce
018e60ad-c8de-7631-a7e1-621d5521191f,018e60af-059e-72be-a1d1-9f77bc9c98e0
018e60ad-daf9-7de2-82b8-84afa09db5a7,018e60af-05d4-72f4-9830-af274eaaffd9
018e60ad-cd51-7378-afcd-9bed36c55531,018e60af-05e5-72dc-ad77-df91c3634150
018e60ad-ccb2-716b-baa5-a9f58ea078e2,018e60af-0758-75d5-b231-a1e3a5353265
018e60ad-d63c-7e2a-9dab-851fca0f3914,018e60af-0948-7bc3-b601-232330057994
018e60ad-d0b1-75e7-b08c-8be8c6c64530,018e60af-0955-7d57-bdf1-224d18c08443
018e60ad-c21a-73da-832f-3dbe4f8f5364,018e60af-0b4f-7c60-8894-ae88d25d369a
018e60ad-d1ed-7f6b-8165-5ae9f626e0ed,018e60af-0b7b-7614-8048-6ebec4447fcd
018e60ad-d1b2-7ea6-9d26-ed0e0d12e121,018e60af-0c55-7564-af6b-1a9394b898cb
018e60ad-cd87-752b-8b73-79a4b0bd2304,018e60af-0c89-7051-9c3e-716698f08376
018e60ad-d2ac-7596-9ef7-9791574831bc,018e60af-0da4-79f9-9294-218c7748baa3
018e60ad-deef-7509-8f17-47673b451914,018e60af-0db0-7f06-bf43-2faa52cff7e9
018e60ad-d219-729a-9eeb-298320093bbd,018e60af-0dcf-7290-9db7-b66670a35d0f
018e60ad-cdc4-7c45-a19d-c7ff2cd2ae78,018e60af-1098-7b30-aa0d-62d3129d705d
018e60ad-d6db-7cc4-9e59-be8650fcd583,018e60af-120a-7c3e-97e6-420d2912a384
018e60ad-dfd6-72e1-9c2b-06af43598598,018e60af-134d-7e00-b0f9-08cd7240b411
018e60ad-d672-79af-b048-49ef958ed692,018e60af-142a-7c15-878e-0791bc03e96d
018e60ad-db8e-739e-b39e-97fcaf4272d3,018e60af-1489-71e8-9aa0-069f11a16691
018e60ad-cf64-77a8-bf9e-6b6a7a26bf7c,018e60af-14b4-7708-bccc-fc9130f0daeb
018e60ad-da3e-7d5f-9735-0254c4814c02,018e60af-14c2-7829-854e-82c3b263d6a2
018e60ad-d7e3-7842-8ca3-ff9226b0114e,018e60af-14d3-7c73-ae01-05325d72514a
018e60ad-d14a-7dda-8fcc-a23da7de3d0f,018e60af-161d-7ead-8e11-c4119950bdad
018e60ad-d3b7-7443-82a1-9126ef1f5675,018e60af-181e-70d9-b3cb-bbb1a88bc714
018e60ad-cc19-7ecd-b472-02dab3445784,018e60af-183e-7f5e-ae4d-b1960372cf72
018e60ad-cc81-7e83-8c56-143a68dea80b,018e60af-18c8-7af5-965b-e1aa4405ef17
018e60ad-ddb1-7a91-bf2e-c0462e11d05c,018e60af-1945-7ba7-9a8b-926b66dd4ca1
018e60ad-d7aa-7fcc-b985-8721cc3cb5b0,018e60af-1c34-761e-968a-23932e8e39f8
018e60ad-d8a9-7873-aa4f-67de513ccc1d,018e60af-1c39-743f-8adb-4323dfe1eecb
018e60ad-d8e4-7044-97e3-54656cd70b17,018e60af-1cbe-7abb-9377-7273c50f13fc
018e60ad-d614-758d-82aa-c060dcaf1b63,018e60af-1f80-7fd8-a6aa-f4860cefcff2
018e60ad-d25e-77a6-8874-479a14a25e4c,018e60af-1fba-7b11-a59c-19d0287bf83a
018e60ad-d3d8-7e53-a38e-87deb16d2467,018e60af-2013-7f10-9aa7-dd6c0839b9a8
018e60ad-de84-7776-b203-8f6f9a1be4aa,018e60af-207d-7e89-a54d-d9196bead1cc
018e60ad-e25d-73cd-8c3f-790ef0e71289,018e60af-20eb-7c1b-b96b-6dac0e7d067c
018e60ad-d8dc-78b8-9432-9bc616773fa7,018e60af-213f-7376-b159-59894902d3b2
018e60ad-de0b-7a2a-9386-7931ac98db04,018e60af-2141-739a-89a8-3d3de4cb5ef6
018e60ad-d5ac-76ec-a9b4-e0cac36cb3e0,018e60af-2253-7f7b-8c62-8b7771692940
018e60ad-da3e-7728-a81d-6e73e53aa66e,018e60af-2306-7549-b77e-218917ed74c2
018e60ad-da77-7974-9626-801a772f0616,018e60af-2347-7f62-9118-e17f5d83f820
018e63de-4985-7880-bd4b-6b7949d73d64,018e63de-5c6e-7802-a762-0eb44345be92
018e63de-48a1-7827-a373-7ad861664172,018e63de-5ea7-76d1-aa55-821909b4fcc3
018e63de-4989-7d30-a4c6-1e641c2d6a83,018e63de-5f8f-7852-832c-087eeb767ca1
018e63de-4a27-7a96-ada8-93ca1509ad37,018e63de-6022-7cc9-821b-f26183211b8a
018e63de-4a0d-7b10-80fb-7be2c7c22715,018e63de-608a-7aec-a320-76b72413db9d
018e63de-4a27-72f6-bcb9-554ddf68a946,018e63de-63a6-787c-b403-f278c6dacafa
018e63de-442f-7919-a471-49f91b92686c,018e63de-6487-7ab0-9d4b-547fcf8c679b
018e63de-442f-70db-bb37-7477a488b2bd,018e63de-64d6-7455-af6f-d8f43ba6a7e0
018e63de-48f6-773c-ba16-f8a324f0ecc3,018e63de-64d6-7bcf-a47a-135fe26e3115
018e63de-4944-724c-8915-c024cb3cc9d1,018e63de-666c-7c6c-ba2c-9dadd28ec10e
018e63de-442f-7981-8887-d5143ca8ae95,018e63de-666f-745f-a446-c4c748e6b207
018e63de-4989-77c4-baea-2d33c922635f,018e63de-6708-78bb-b3c5-7be434474a9b
018e63de-48a0-7d19-8213-bf2ad6105767,018e63de-67fd-7062-83a2-41542aff4009
018e63de-48a0-70cc-bf5c-7391c818bfd1,018e63de-6968-7382-9269-b3fe6454f764
018e63de-4ab2-7b51-a9bf-d76b7bae0554,018e63de-69ca-7c97-a77e-1faaede7aa86
018e63de-442f-7e93-87e2-55a02df5146a,018e63de-69d1-75e7-8dee-a2e68be91a2b
018e63de-4ab9-7b97-b8d8-c22a6f812b64,018e63de-69fa-7779-b5dd-ef919d6adc74
018e63de-48f6-7f4a-b02b-28e4263bbcab,018e63de-6a47-72c9-9363-52422fdcb6e4
018e63de-490d-7788-b27d-5268d695bcde,018e63de-6aa9-7a3d-a3d5-ca9d0e1b5fe4
018e63de-48a0-79be-9180-9ba32ec18a81,018e63de-6ae7-7e20-b721-387796a0aaf1
018e63de-48a1-7525-9907-3b2f5ea41a29,018e63de-6bb8-7553-a5c9-3c6f4787b093
018e63de-4a4b-7a55-bdd1-c57bc943d20d,018e63de-6c80-70a9-8df6-63e65b505eb9
018e63de-4a23-7cd5-a279-12b69de4487c,018e63de-6cb5-7952-ae87-4d58991a75be
018e63de-4bca-7604-9b2b-5d4704191877,018e63de-6d3d-724c-a584-f6a9fa8e2aa0
018e63de-4cfc-7f91-b030-1e4f4ce0d577,018e63de-6db1-7377-823a-82be06be9022
018e63de-48ed-7654-8fbe-3dc134b17459,018e63de-6dd5-711e-9ba1-2c915c1adb4d
018e63de-4a13-7d22-bc87-fd5a5f921209,018e63de-6ddb-751b-8db4-6600820c1747
018e63de-4afc-767e-ac0b-ad401ac6134b,018e63de-6eb6-7d0b-9d58-d4b35589eb3b
018e63de-442f-762f-9b79-7dbc2a17fdbb,018e63de-6edb-74e8-9f64-b48b41a4e2ad
018e63de-4c24-739b-b68a-9482b4e0630b,018e63de-6ee2-774c-92e8-a7f848db4e2d
018e63de-493e-7277-bdb3-dce44e66933e,018e63de-733a-7519-b6a8-a2f0a703f871
018e63de-4bb8-7198-abb2-44ca27fa20a1,018e63de-7653-7239-9a34-df87cf06aee0
018e63de-4b18-7f40-9d90-fc169cb4ac65,018e63de-76b0-791f-9ac3-832faf9e3398
018e63de-4d06-77c4-ab5a-0f147622ef09,018e63de-7807-77e2-b407-b6fc7bd43446
018e63de-4b19-70c7-80fe-590a4f155ced,018e63de-7845-7175-aef8-97afbcb0131b
018e63de-4940-7b54-b13c-590ca110e0b8,018e63de-78e1-7462-a5da-070d737ef9a5
018e63de-4a79-7db9-9e34-428f503f1e48,018e63de-791c-75d3-8bbf-128a610afa3d
018e63de-49b2-7b1b-a37c-43df200719a3,018e63de-7992-70fc-87a8-d41cef2b7989
018e63de-4a4c-7b45-97e1-6c1d6ca06900,018e63de-7a99-7736-9a5d-ec935aa2508b
018e63de-505c-72a4-9d59-e4672b993723,018e63de-7b1f-70f8-b910-9d57c9c2e139
018e63de-4af7-7bfa-a0e4-db856b1f4322,018e63de-7b74-7aa8-9099-b46f36f4720a
018e63de-4ab7-7e2d-b541-23484957a7c3,018e63de-7b7c-7c35-a7f9-64502e72b8c3
018e63de-4a96-72dd-87ea-28bae81c0c4b,018e63de-7c48-76f7-86cc-ce6a61cec3df
018e63de-4f60-72d5-90e1-ca0bd073587e,018e63de-7ede-7ab7-a65d-9ef5e9d98c9e
018e63de-442f-7bdc-b9a9-dcce997832d4,018e63de-7f43-771f-862b-3edfcfc718e5
018e63de-495c-719e-bab0-989bcc2b982a,018e63de-801c-792a-80c2-df33400ea6d9
018e63de-4bcd-73a3-adf2-dd0673a46acd,018e63de-8072-7549-bfd5-a84c3ff8fd3f
018e63de-48a0-7b79-98db-835c23346f5e,018e63de-81c8-7ae7-947a-95c35e7a9e9d
018e63de-48a0-7adc-b5b2-66cfa903729f,018e63de-8206-716e-8039-a34c6c3aaae0
018e63de-5403-76c9-8d79-7c5441ea1f9d,018e63de-82f0-7e61-a5d0-7fb4c6df1224
018e63de-48ad-7eae-82b5-b1a1cccd730f,018e63de-82f8-7b86-8011-6b8531bf2072
018e63de-4ad2-76a7-ba15-03ff224e2eed,018e63de-8326-7a9b-95fb-9b8f9c2aa803
018e63de-4a4b-7b6b-93ab-6dc472a80193,018e63de-8357-7917-ae7c-1d8f7aa292f7
018e63de-55ca-7c7b-8590-025a75b15c62,018e63de-83ab-7f2d-907d-57e715ce0d6b
018e63de-4b9b-734d-b1e3-e1760b8a0fa6,018e63de-83df-703a-a90c-7cc489e5be0b
018e63de-504e-7f4f-8307-4f61917c18ec,018e63de-84cc-74e5-9e52-c20f6cf00d36
018e63de-4a9c-7796-bf9e-9d206b993665,018e63de-85b5-736f-be28-462a4426bb2c
018e63de-4ed8-7080-bc26-d5bf33872347,018e63de-8663-73a0-b1b0-0ef403a43454
018e63de-4947-7e8a-abe9-47c92b2718f2,018e63de-868d-7a13-9e97-32728812c491
018e63de-4968-7a8f-a32c-1daf9f4b1f4f,018e63de-8b35-7005-aa9a-02fabcda27fc
018e63de-4a81-78dc-944c-0ccceba8e9d1,018e63de-8b9d-7f6d-bc11-f9407889b02c
018e63de-49fc-7b44-9bb6-f5100085a94f,018e63de-8bb3-7110-8494-d9900ea4b63a
018e63de-5445-7164-9d7b-9879b4be51d0,018e63de-8bc8-791e-bc6e-68be9d74e47f
018e63de-4986-733b-848c-6d0952d21853,018e63de-8cc9-7e66-ad40-3c34a97ae917
018e63de-4af8-7151-9550-c923558bc345,018e63de-8e26-78ee-a9e9-bde61c967ad3
018e63de-54dd-7672-81aa-04eb9415f4a0,018e63de-8e4c-7793-938c-96cf1f26b55f
018e63de-4b93-7220-96f2-db7a364c8aef,018e63de-8f0c-7a88-8b2b-853c02595d15
018e63de-48f6-74a2-9f40-a1b5d5f06d85,018e63de-8f2e-7024-9555-f5531f906b33
018e63de-4d8a-7023-bc51-8305b641bed6,018e63de-8f41-774d-bc6b-e460ed97d4da
018e63de-4a80-7aa1-875e-150a2aaf7a9e,018e63de-9168-7a29-90cd-21ef499893ea
018e63de-49ce-7621-9853-328efdcfd3f7,018e63de-9169-7e5b-bca9-042db430caf3
018e63de-4a61-736f-8e3c-ea8493fba5f4,018e63de-91df-71e6-82d8-47e830d71456
018e63de-4be6-71e9-9433-fdc60389cfdf,018e63de-9394-7496-81a7-48d65bcd4daa
018e63de-48a0-754c-8187-2f8b5fc9ba5d,018e63de-9451-7107-83a2-a281466d03f6
018e63de-5449-7285-b07a-fda3b9ce3bae,018e63de-94f2-7a01-9566-73f254033fdc
018e63de-4e9d-7b41-9ab8-43b1d56e8938,018e63de-95f3-7272-9b6e-89ced67689a5
018e63de-4c2c-7119-945d-3b8b429af40e,018e63de-965c-7aab-9d95-96382235606e
018e63de-4968-7524-af6c-89bd283ccd47,018e63de-97f6-792d-9714-149742811edb
018e63de-4eb4-7c39-a326-bde7922376eb,018e63de-9864-7c13-9def-53ea0e565dae
018e63de-48f1-73a9-8bba-b4e2b21b74f6,018e63de-989c-78d7-a7fb-8314df90dfaa
018e63de-54c8-7bac-8d1b-8cafc47087f9,018e63de-98d5-7d66-ae72-b35005383142
018e63de-4b16-7259-9ee3-626989105e3f,018e63de-997e-78d6-81ea-285966b05613
018e63de-49d1-7d00-b5b7-e156f230c701,018e63de-9a0d-7176-9c15-bf720dbd333b
018e63de-4ea0-792a-a681-661034d156c2,018e63de-9ad8-7758-828b-05419e46ce6d
018e63de-4ad0-77de-8886-3d686bf9f001,018e63de-9b43-7c86-b6fc-2c44a5de6b83
018e63de-5083-78e8-9b5d-1afb02f00903,018e63de-9d0d-754a-b28c-7093697ed6da
018e63de-4b64-796f-a555-48751eb596dc,018e63de-9dc0-7a04-b03c-0c5de9d16339
018e63de-4b18-7cd5-9aa3-08387ec6245b,018e63de-9de0-7869-b4c9-63db348f7ecc
018e63de-4d26-723d-baf2-9e56c81f1664,018e63de-9e6a-734b-b792-61d9377aac31
018e63de-4d4d-78a5-ac42-bbf436b64a7e,018e63de-9fdd-7526-9a61-b8931c1923cb
018e63de-5636-7374-be79-426a388aceb8,018e63de-a0d2-7235-b270-f40ae2a9ef40
018e63de-4afc-7acc-957c-57e257a0c4c9,018e63de-a0ed-7ca7-9f27-db877db93808
018e63de-4b30-7ba1-a6cb-3119ab911770,018e63de-a1ae-7858-b08b-f16b6c0dc9c2
018e63de-493b-7ee9-9205-bd1a04c3e74a,018e63de-a2d8-7919-9902-e5ab7e1005c4
018e63de-516c-7c56-8f77-122bfd2545ba,018e63de-a3ac-75dd-a5c4-c949133191c2
018e63de-4b64-75c4-8f1f-c70b5aa25c63,018e63de-a4f1-7b3d-9f17-1ba015aa4bbf
018e63de-5194-71f9-9b80-e5db29f92aae,018e63de-a615-7440-9866-fc73ea4ceb1c
018e63de-49cc-71a1-8e63-085a04ad1063,018e63de-a622-7621-9ed2-4c370529ed14
018e63de-4c7e-7d97-ae84-85b41c27d5c4,018e63de-a63c-72d7-b32b-8c3068a72412
018e63de-568d-7ac9-8921-20eb8d04c968,018e63de-a6fc-7e7f-9561-304344a75e8a
018e63de-4d14-7e24-add9-7de0ce52c24a,018e63de-a753-7549-860a-aeed63f96658
018e63de-51e8-7cd8-9f2a-3d0f96d7c7ce,018e63de-a9be-774f-9d58-c3cc1e1ddff1
018e63de-4b66-7151-a6f2-ff6971aca7e3,018e63de-aa25-740b-bbab-2c88a5be76ed
018e63de-4b37-7591-8e4a-0321b07eab98,018e63de-aac6-76a0-a892-563b44f68ed7
018e63de-5236-789e-ae00-b8cea58870bc,018e63de-ac41-7cae-a917-bb916eb6f2d3
018e63de-4fd7-7c40-b334-d7ccc767f659,018e63de-ac42-7f8f-b3de-d2210f17bbae
018e63de-4a8a-7b99-b212-55eeed3a2419,018e63de-ad1e-7da5-9fbf-c2b22dacdd7f
018e63de-442f-7139-ac78-e5da77fa616c,018e63de-adeb-779f-bf8b-56d767347890
018e63de-442f-78fb-b7bf-f57e7e4fe936,018e63de-af76-7c04-951b-3c6596a35b04
018e63de-49d5-75a9-8823-b61892c569bc,018e63de-af89-70e5-8a4e-5f3a8f0ee88a
018e63de-4cb4-7fd9-aa6e-25b3e506dd26,018e63de-b04e-790c-8c9b-f4ba0bcd1af2
018e63de-4936-7744-aea3-235b8a5f632e,018e63de-b122-7b24-abdf-c61c1eea083e
018e63de-4a23-7088-bfe0-3fd53f30b0ac,018e63de-b193-735b-86a7-2530d0cef112
018e63de-5439-7e95-bc3d-6ab7f4210450,018e63de-b294-73af-86d6-1100f45d64da
018e63de-4cb0-7c44-8720-7516c9501fee,018e63de-b33b-709c-9d37-84ededa810d0
018e63de-4c6f-7b1f-b403-6cb22a9fbaf6,018e63de-b367-7113-9c47-411d3fa5be09
018e63de-49df-756c-84df-17a40e1f5468,018e63de-b3a8-75f5-b07e-f290f2e9088e
018e63de-442f-7456-9f55-3330ae9ab2fc,018e63de-b48c-743f-b98d-b1ed84ba66ce
018e63de-4a07-7932-824e-40ae677995e0,018e63de-b56b-7dea-b3d0-8442a679039b
018e63de-4c4d-7753-87f1-03a645a1c7b9,018e63de-b618-7e25-ac02-f6622cd9455e
018e63de-4e57-7839-8e26-b90e5be7096b,018e63de-b674-7efa-9295-1ca2a2a20b37
018e63de-4fdb-774d-ada4-ceee08862297,018e63de-b680-7139-8b29-008c2a729d04
018e63de-4ac3-73ca-b2a5-ed89c47479b9,018e63de-b7a9-715b-bfb6-9f0d606d9837
018e63de-51ef-7246-ad22-a1eaf61cd282,018e63de-b853-7ff0-9569-85e19343e3b7
018e63de-4c1f-7e12-91a3-f98c319fb8b1,018e63de-b97e-727d-be7f-43a09a4bc705
018e63de-5252-78ea-84d4-1ed77cbbee74,018e63de-bab8-7121-a865-504fcd9f9f59
018e63de-5207-74a5-93f4-6552d488ae95,018e63de-bb94-7a90-8cef-f1da40d8bdc8
018e63de-4d1d-7442-a0e6-f9bcce99bdbe,018e63de-bba1-7351-afd3-eb5f89616551
018e63de-5856-728f-bb2a-28836ff2f9d7,018e63de-bd0a-73b7-a86e-8d7295c0a37d
018e63de-4cf0-7d1f-9b5a-ab7f4ecfa14f,018e63de-bd66-7617-9c1e-e841aa214349
018e63de-4da8-7c0a-83b4-43162825d068,018e63de-bea4-7eaf-8c1d-d7b1de49df16
018e63de-442f-7a23-b16d-578b8ca3aac8,018e63de-bea6-710b-a81c-69c47294a5ad
018e63de-4f22-7b4a-884c-b5558eb2d214,018e63de-bf87-7da4-ad21-fba0bb709ff9
018e63de-4af7-78c3-aa1c-719f86c70643,018e63de-c0d9-7085-a369-d8f4b29ac077
018e63de-4b32-77dc-8a01-51879f6e3a27,018e63de-c230-7150-9fd2-7aae9df6c1e8
018e63de-4a4b-71a9-add2-5ec414993894,018e63de-c291-7c5e-bf9f-50b314e756bc
018e63de-56f1-784a-ba41-69a25d5c55e3,018e63de-c36e-77be-ada9-5b192b564f0d
018e63de-48f6-720c-8f2d-0cd4d3b29fe4,018e63de-c46e-7fca-8b45-7096b5b47e48
018e63de-4982-75a4-8794-f8451cabd849,018e63de-c4cc-768a-adb2-1f0c77d59e46
018e63de-4ad8-717e-872f-eb4bc8539f79,018e63de-c5ed-7df1-a863-2ac34e345644
018e63de-4a83-721b-ac13-8163c7b26414,018e63de-c5f6-748d-8bfb-33eb0b52c531
018e63de-4c8d-71fa-8dba-f5d114d60d99,018e63de-c6f3-73d8-a26f-e53204e2b9ab
018e63de-4d19-73d2-9eb4-9038405f0436,018e63de-c73d-78a8-950d-4d1f732b718d
018e63de-4c7e-7f20-ae03-d9227f4f0a5a,018e63de-c88b-7992-a790-a38deccbad79
018e63de-4d08-70d9-bb56-3314e2ad392b,018e63de-c9da-75f5-a743-8849164b95cf
018e63de-4944-7930-aa25-193b65c281dd,018e63de-ca0d-7e2a-928a-e0aef9a10291
018e63de-4986-78ab-a9a2-c40e98dc6b14,018e63de-ca35-7239-bcc6-f4c663ece079
018e63de-5987-7bb2-95f2-2aca88c1d22f,018e63de-cbe2-7c28-a548-67ef473b0bad
018e63de-4ad7-794b-b9c3-397d26d69fd6,018e63de-cce8-7dba-8d64-9b4fd65df89f
018e63de-4e9e-7fba-9259-de7a558f5127,018e63de-cd73-7f21-ae3c-37515c99a292
018e63de-4e67-7d1c-86d8-a4283b2cc734,018e63de-ce14-7e77-9a7c-30cab93fed54
018e63de-51d4-7d57-9c73-84a50a358c52,018e63de-ce47-7cd4-ad9b-590166c17c62
018e63de-534d-7e7f-884b-9917d7187425,018e63de-cfc5-7ea5-ba91-de6e541304f9
018e63de-4d3f-77be-9e8c-005cae0d8710,018e63de-cff1-7ab6-8e99-796ba4f116a7
018e63de-6daf-75b6-85e7-20da0aaceab9,018e63de-d0d6-725b-863a-38890bd157df
018e63de-4cdd-7913-ae8b-6f81f3264ce7,018e63de-d1f2-7f72-bf5a-a325e37451fc
018e63de-4ee7-77fe-a03d-3db430a938fa,018e63de-d213-7195-8879-69ecfc26768f
018e63de-5330-74ca-97b3-028c8c6533a1,018e63de-d323-7c29-b879-82130886abdb
018e63de-4d9e-7654-99d2-07123c90c624,018e63de-d54b-7fb0-b0e4-9e63ae4b0b3c
018e63de-613b-74e7-ab74-86e4175f7b01,018e63de-d648-769d-91a3-1f31e9341286
018e63de-675b-7114-8faa-bcea13eb5ae7,018e63de-d6ad-783e-a39e-47adbb3c577f
018e63de-4c3c-7f42-a310-1697dcc9b165,018e63de-d7a1-7b55-9ab7-be72ba163019
018e63de-4d3c-7822-8257-35b1becca297,018e63de-d7d5-7fc2-913b-85ebf35f1c20
018e63de-4cc7-7503-8b07-07ac8fe0f22e,018e63de-d7d8-7cfb-9044-559a29f9e498
018e63de-48f1-74b0-aa23-af44f31f67b6,018e63de-d977-7ec8-988d-63dd4a99dbd4
018e63de-4c17-709f-afe8-98b59cea624d,018e63de-d995-7c78-8fd6-87f5c1ce8e8f
018e63de-4b64-7ebd-a3ae-2610f6d56ef3,018e63de-d9be-7c71-b1bb-f3deef8e6b29
018e63de-4f7c-746e-bae7-f2360483a189,018e63de-da9c-7024-a400-dc1b012d10b8
018e63de-6dcc-72d0-a6b4-b2e30f71ae89,018e63de-dc94-79d2-acdd-bbcc71d4dd42
018e63de-4b96-74b8-9a81-5a06d5deb47e,018e63de-dd7b-77c2-8d51-0e582e895cfd
018e63de-54b9-7c4d-9490-8beb0ba789c7,018e63de-de26-78b2-a50a-08c185c1d2fe
018e63de-4ed6-7b51-bc78-4aeffaa3059f,018e63de-deb5-719e-b6f6-6946a98b4178
018e63de-5280-7538-a507-721990689c8d,018e63de-deb9-7b68-b341-23ade3674489
018e63de-5591-7f2f-add0-c1628d567959,018e63de-decf-761f-92e8-5990459c5945
018e63de-4cb8-771d-976b-698d785f2393,018e63de-df4c-7595-991d-20535bb7d600
018e63de-49bc-7ecf-b3c4-1be4c7736d40,018e63de-e097-798b-b809-6dbbcaf48e43
018e63de-5068-7e95-9ff0-3eacbbdd7881,018e63de-e141-776f-aead-d8829b68275e
018e63de-4f24-74f9-a483-31aef8f91653,018e63de-e17d-7095-af09-bf43d49b98fb
018e63de-4910-7ea9-9f15-89b0a6dbd28d,018e63de-e185-74d8-8b3f-1e3831b0d5f9
018e63de-514e-718f-ac71-f592cd698ebf,018e63de-e27d-7039-b6fe-3f6b0cb4a5d2
018e63de-4f89-7059-8d68-c9bf4cb24770,018e63de-e30d-77eb-80a2-54ffd2f370e6
018e63de-55a7-7e15-b25b-f77ddc396866,018e63de-e469-744c-a311-208ca4ee3849
018e63de-5c1e-76b5-bb5d-8fc92d43c71d,018e63de-e6cc-79ee-af92-79c44312b0b8
018e63de-4fc1-7b83-a49b-18f619f2dc63,018e63de-e793-715e-9fbe-0e8bb514b3f8
018e63de-511e-7467-bebc-8b9786bc3332,018e63de-e7e8-7a7d-b973-1067831dc873
018e63de-4f2c-71d9-832e-afb899bd4914,018e63de-e8a8-7f98-957b-e9c4c04f2da1
018e63de-4c16-7950-8f06-e418faf31096,018e63de-e969-723c-9f94-cc2b23776bca
018e63de-6835-72f0-b8e4-fca6ed595e7f,018e63de-e987-7512-84aa-b4f60ee73b6d
018e63de-5e32-7e90-bb95-00ef3438d48c,018e63de-e9e7-7833-ad72-d2bfe96bbe28
018e63de-5252-70d3-921c-8ab8cb152b39,018e63de-eb0c-77d0-b890-e651453b2de0
018e63de-5845-752e-a05b-fe2080963bc0,018e63de-ebf8-767a-a495-6e3f1332dd4c
018e63de-4bf2-793d-aaf8-cf0b695123f9,018e63de-ecfe-750f-a652-a5f422c355b7
018e63de-53d9-763d-8c68-4979569d6b1c,018e63de-ee62-72da-957e-4bbf681c509c
018e63de-538e-7f69-b639-12433893d35c,018e63de-ee8b-78a8-ba36-b51446c81c83
018e63de-4ee5-7bb8-a05c-f1f1f035161e,018e63de-ee8f-7fa7-9b72-5b8291c80091
018e63de-4be7-7a6e-9f20-1a3715886057,018e63de-eeff-7990-9c29-f447cad6fc5d
018e63de-4d50-7851-bd4b-886dab90998f,018e63de-f232-7399-8899-61ffde017387
018e63de-4f74-71f9-bd76-910925f2fa23,018e63de-f3fb-7fc7-88ab-374f15399d5e
018e63de-4ab3-75ef-a376-b0d6d578041e,018e63de-f401-78ff-a89e-89e8bec77b58
018e63de-64bd-77d4-9733-ca1c84853d1a,018e63de-f463-74cd-a3de-78723f3eb524
018e63de-7160-75fa-93af-88704f351402,018e63de-f547-73bc-ac02-8d0db42f5d92
018e63de-5ea0-7bb2-9a71-7098786642a4,018e63de-f574-7aae-bfd0-930a6ae9d0e4
018e63de-6410-75b5-86de-46a82053d19a,018e63de-f685-7543-bb10-cbabbbabe921
018e63de-4cb9-75b4-98e4-6de4830fa9fa,018e63de-f745-73f7-8b0d-b3659c0099ba
018e63de-58a1-7e91-8bc0-97f04e1dfa86,018e63de-f7eb-7994-baa2-0a5ae5c84c9d
018e63de-4d42-7a9b-ae89-f2a375373390,018e63de-f8a0-7592-99a3-3fd0617203b1
018e63de-4ee4-78b0-b909-7d0370f67c0b,018e63de-f902-7922-9006-2183633cddf0
018e63de-4fdd-7045-b74f-45d01e1e0d05,018e63de-f9af-76ca-bb9a-eb1e036c506e
018e63de-54e4-744f-ab4a-394b4716e0dc,018e63de-f9c8-7073-9ff6-b8f4c3f75e59
018e63de-4ad2-721d-9b12-ae8eb83184b0,018e63de-fb04-7d17-9f59-259e7d29d3cf
018e63de-4fe2-7672-84cf-8768cc4ba790,018e63de-fbb1-75f4-8e84-6fe117ede96d
018e63de-4cad-7dd9-8f04-b40e4eff14a3,018e63de-fc2b-7b79-a8b9-d9804531bdb7
018e63de-7c78-7938-876e-e936becfdae0,018e63de-fc60-7d57-bccb-bece8885adc2
