018e66b9-d178-7174-8efa-4c1c0ec5a181,018d3560-ae5c-721f-aefc-06a300000015
018e66c6-2b61-73ce-a51f-f9a818cb6847,018d3560-ae5c-721f-aefc-06a300000012
018e66d0-21e0-7980-ac8e-eca50c1f46bb,018d3560-ae5c-721f-aefc-06a300000042
018e66b8-43f1-7e5f-bccd-f8e63ceea059,018d3560-ae5c-721f-aefc-06a300000016
018e66c5-a690-7067-9213-807840cdc9ec,018d3560-ae5c-721f-aefc-06a300000006
018e66d4-1984-7088-baa6-500298ef5859,018d3560-ae5c-721f-aefc-06a300000005
018e66c3-cc1a-773a-abcd-bdca3cc7a5ac,018d3560-ae5c-721f-aefc-06a300000008
018e66c4-6afa-7654-b04c-590fc8e58624,018d3560-ae5c-721f-aefc-06a300000000
018e66b9-4796-78b8-bf36-c55243a40ea6,018d3560-ae5c-721f-aefc-06a390000488
018e66c4-6afa-7654-b04c-590fc8e58624,018d3560-ae5c-721f-aefc-06a389999999
018e66c4-6afa-7654-b04c-590fc8e58624,018d3560-ae5c-721f-aefc-06a300000002
018e66c4-6afa-7654-b04c-590fc8e58624,018d3560-ae5c-721f-aefc-06a300000001
018e66c3-de04-7eb4-9621-d1d223c2dbde,018d3560-ae5c-721f-aefc-06a300000011
018e66c7-9389-74f4-b901-397747e960f3,018d3560-ae5c-721f-aefc-06a300000009
018e66ba-2722-7758-9d88-49ed0840d691,018d3560-ae5c-721f-aefc-06a300000007
018e66d0-8932-75a5-b9b8-a407b51ab007,018d3560-ae5c-721f-aefc-06a300000014
018e66d4-a06b-7faf-95db-01898999f174,018d3560-ae5c-721f-aefc-06a300000051
018e66ae-73f4-72bb-ad9b-d022fcd85692,018d3560-ae5c-721f-aefc-06a300000027
018e66cc-a6df-7e91-8a1f-7ccd9203f30a,018d3560-ae5c-721f-aefc-06a300000032
018e60ad-01e0-7e39-8b4c-4195d3f81e41,018d3560-ae5c-721f-aefc-06a390001694
018e66d1-9527-72ce-b457-982fcea5378e,018d3560-ae5c-721f-aefc-06a300000039
018e66ce-257c-70c7-8136-f39f0446b418,018d3560-ae5c-721f-aefc-06a300000041
018e66b2-777a-7cc0-949d-caa99210919f,018d3560-ae5c-721f-aefc-06a300000018
018e66c1-77a0-7de0-a4c9-fab9a714a46f,018d3560-ae5c-721f-aefc-06a300000035
018e66cf-60bb-7935-aa5c-ae570216e1e0,018d3560-ae5c-721f-aefc-06a300000037
018e66c1-8a4e-7a49-8df8-3083c551091d,018d3560-ae5c-721f-aefc-06a300000043
018e66d4-4676-72a7-9f49-8d5fc2ec6db5,018d3560-ae5c-721f-aefc-06a300000034
018e66ce-5b7b-77b5-8fb8-af14049b5b61,018d3560-ae5c-721f-aefc-06a300000026
018e66d0-ecc4-7a62-94b3-894e3f7991bd,018d3560-ae5c-721f-aefc-06a300000044
018e60ad-ca21-7ee5-8817-7fd97529432e,018d3560-ae5c-721f-aefc-06a390003325
018e66d3-b8f6-7503-ac1c-450d847a52de,018d3560-ae5c-721f-aefc-06a300000023
018e66c0-bfc7-71e9-8aa8-f04eb4346d3e,018d3560-ae5c-721f-aefc-06a300000033
018e6686-466d-762b-93f2-44852c436a60,018d3560-ae5c-721f-aefc-06a390000797
018e66d5-9256-75d8-99ca-44ca2021ebbc,018d3560-ae5c-721f-aefc-06a300000019
018e66b6-d19d-7f5a-b807-b47bb60ed614,018d3560-ae5c-721f-aefc-06a300000017
018e66b8-1d3e-7d7e-8a23-e266231ba36a,018d3560-ae5c-721f-aefc-06a390002596
018e66c1-004f-7100-9abd-591b78ffc49b,018d3560-ae5c-721f-aefc-06a390000128
018e66c1-8a4e-7a49-8df8-3083c551091d,018d3560-ae5c-721f-aefc-06a390000040
018e63de-4dd6-7801-907e-18fdec6b9d9a,018d3560-ae5c-721f-aefc-06a390002928
018e66c4-bb17-779b-9b15-549c02b7fc2f,018d3560-ae5c-721f-aefc-06a390000566
018e66b7-de7f-72ab-a1ff-97b1aed1f5a9,018d3560-ae5c-721f-aefc-06a300000021
018e66c9-58e9-7243-b11a-1d04aa40f5af,018d3560-ae5c-721f-aefc-06a390000510
018e66c1-3066-7ea8-b94b-9d1a1c7ddf82,018d3560-ae5c-721f-aefc-06a390000321
018e66c8-60cb-78b1-8e52-a800fd699bc6,018d3560-ae5c-721f-aefc-06a390000007
018e66d1-9527-72ce-b457-982fcea5378e,018d3560-ae5c-721f-aefc-06a390000036
018e66c7-9389-74f4-b901-397747e960f3,018d3560-ae5c-721f-aefc-06a390000006
018e66c3-de04-7eb4-9621-d1d223c2dbde,018d3560-ae5c-721f-aefc-06a390000008
018e66c7-5c3f-73d4-bf75-4ba36358cfdb,018d3560-ae5c-721f-aefc-06a390000022
018e66cd-684f-71d7-b5ee-703f9dabc543,018d3560-ae5c-721f-aefc-06a390002668
018e66c1-37b5-7193-921d-bfe383481df4,018d3560-ae5c-721f-aefc-06a300000050
018e66d4-6d18-77b0-9cc2-4927cb2b09d6,018d3560-ae5c-721f-aefc-06a300000040
018e66d5-5ab5-71a5-afed-2f8feca201c3,018d3560-ae5c-721f-aefc-06a300000031
018e66d0-2d7e-7283-a1f2-9e661177552c,018d3560-ae5c-721f-aefc-06a390000025
018e66d0-2d7e-7283-a1f2-9e661177552c,018d3560-ae5c-721f-aefc-06a300000028
018e66d0-0ef8-7017-af80-f329a985becb,018d3560-ae5c-721f-aefc-06a390000094
018e66cf-027d-725c-b8d1-7ee606698759,018d3560-ae5c-721f-aefc-06a390000397
018e66d3-961f-7254-8ed2-721116b0792b,018d3560-ae5c-721f-aefc-06a390000937
018e66c1-97c3-70c6-8eba-911f03055dc3,018d3560-ae5c-721f-aefc-06a300000020
018e66cd-7d9d-7da1-88e7-13505546f7cf,018d3560-ae5c-721f-aefc-06a300000049
018e66cd-19ce-75e3-ae52-c377d4581916,018d3560-ae5c-721f-aefc-06a390000054
018e66d5-5a4a-7448-a713-b0cc4e2d5f84,018d3560-ae5c-721f-aefc-06a300000029
018e66c4-9481-7561-a57a-7b8a1c496272,018d3560-ae5c-721f-aefc-06a390000019
018e66d4-1984-7088-baa6-500298ef5859,018d3560-ae5c-721f-aefc-06a390000002
018e66d5-5ab5-71a5-afed-2f8feca201c3,018d3560-ae5c-721f-aefc-06a390000028
018e66d4-bbd6-7b1b-8117-43750b57fea9,018d3560-ae5c-721f-aefc-06a300000036
018e66c5-0363-7bdf-80f8-b40981f3a7ca,018d3560-ae5c-721f-aefc-06a380000154
018e66ce-b94e-7b1c-bfcb-db1f8104ba7e,018d3560-ae5c-721f-aefc-06a390000766
018e66c4-9481-7561-a57a-7b8a1c496272,018d3560-ae5c-721f-aefc-06a300000022
018e66cf-6f76-7571-bbe1-264e469652dd,018d3560-ae5c-721f-aefc-06a390000224
018e66d2-7967-786a-93f2-4e2410709939,018d3560-ae5c-721f-aefc-06a300000024
018e66c5-a690-7067-9213-807840cdc9ec,018d3560-ae5c-721f-aefc-06a390000003
018e66cf-9a2e-7272-8d98-776675e5513e,018d3560-ae5c-721f-aefc-06a300000045
018e66c0-bfc7-71e9-8aa8-f04eb4346d3e,018d3560-ae5c-721f-aefc-06a390000030
018e66cf-60bb-7935-aa5c-ae570216e1e0,018d3560-ae5c-721f-aefc-06a390000034
018e66c2-6e61-7a72-a632-f243e1bafa9d,018d3560-ae5c-721f-aefc-06a390000254
018e66bf-1da6-7ed1-b76f-6e22058de54c,018d3560-ae5c-721f-aefc-06a390000096
018e66d0-f248-7146-b71d-a52402b65305,018d3560-ae5c-721f-aefc-06a390000170
018e60ad-a0d9-7933-a22e-0adbf934b5f9,018d3560-ae5c-721f-aefc-06a390003496
018e60ac-faef-78ed-b0e1-1a839669ccfb,018d3560-ae5c-721f-aefc-06a390001684
018e66d0-ecc4-7a62-94b3-894e3f7991bd,018d3560-ae5c-721f-aefc-06a390000041
018e66b3-a922-7797-a492-0eb08c982655,018d3560-ae5c-721f-aefc-06a380000197
018e66d3-b8e8-731a-8397-56a62cf29495,018d3560-ae5c-721f-aefc-06a390000613
018e60ad-d17c-799b-af2d-231f63b80769,018d3560-ae5c-721f-aefc-06a390003405
018e66c1-27c1-7b89-8af3-ace0d2ca2bae,018d3560-ae5c-721f-aefc-06a390000452
018e66c7-5c3f-73d4-bf75-4ba36358cfdb,018d3560-ae5c-721f-aefc-06a300000025
018e66cb-bdec-7602-8c9c-d3c81f5bed99,018d3560-ae5c-721f-aefc-06a390002255
018e60ad-a038-7db9-8393-5ab6dc3172f1,018d3560-ae5c-721f-aefc-06a390003492
018e66c5-4909-75ef-82e3-d3dedc0396c8,018d3560-ae5c-721f-aefc-06a390002025
018e66ce-c870-77c0-b624-c1b253ae78c7,018d3560-ae5c-721f-aefc-06a390000092
018e66cd-14fc-7743-9eb0-7c3fa76beffb,018d3560-ae5c-721f-aefc-06a390000099
018e66c1-97c3-70c6-8eba-911f03055dc3,018d3560-ae5c-721f-aefc-06a390000017
018e66ba-2722-7758-9d88-49ed0840d691,018d3560-ae5c-721f-aefc-06a390000004
018e66d5-9256-75d8-99ca-44ca2021ebbc,018d3560-ae5c-721f-aefc-06a390000016
018e66b8-3ede-7cff-a46b-85161b63a592,018d3560-ae5c-721f-aefc-06a390000027
018e66d4-bbd6-7b1b-8117-43750b57fea9,018d3560-ae5c-721f-aefc-06a390000033
018e66c1-77a0-7de0-a4c9-fab9a714a46f,018d3560-ae5c-721f-aefc-06a390000032
018e66d1-0b47-7ef2-a4b1-23755651d28b,018d3560-ae5c-721f-aefc-06a300000046
018e66cb-a213-7bb5-865d-bad890edf27c,018d3560-ae5c-721f-aefc-06a300000047
018e66ca-ba1f-7346-bb2d-4ff860818039,018d3560-ae5c-721f-aefc-06a380000233
018e66cf-6c56-7166-8be8-11a2d3c35bd3,018d3560-ae5c-721f-aefc-06a300000038
018e66b6-9c42-7235-b8a9-1d3fc6c7c50a,018d3560-ae5c-721f-aefc-06a390000122
018e66cd-1254-793a-81cc-a72309e41f37,018d3560-ae5c-721f-aefc-06a300000013
018e66d0-cff8-788c-a2f7-f869b2cde2d0,018d3560-ae5c-721f-aefc-06a300000048
018e66cc-52eb-702d-a719-952b5b201a2c,018d3560-ae5c-721f-aefc-06a390000353
018e66c1-37b5-7193-921d-bfe383481df4,018d3560-ae5c-721f-aefc-06a390000047
018e66cd-7d9d-7da1-88e7-13505546f7cf,018d3560-ae5c-721f-aefc-06a390000046
018e66d1-0b47-7ef2-a4b1-23755651d28b,018d3560-ae5c-721f-aefc-06a390000043
018e66c8-60cb-78b1-8e52-a800fd699bc6,018d3560-ae5c-721f-aefc-06a300000010
018e66b8-3ede-7cff-a46b-85161b63a592,018d3560-ae5c-721f-aefc-06a300000030
018e66c3-cc1a-773a-abcd-bdca3cc7a5ac,018d3560-ae5c-721f-aefc-06a390000005
018e66cc-96c6-7855-b2ca-0a3ba1d572fc,018d3560-ae5c-721f-aefc-06a300000004
018e66c6-47b2-718a-98b6-8bf65e78c11f,018d3560-ae5c-721f-aefc-06a300000003
018e66cb-aec3-711a-a8a7-e7b27314c978,018d3560-ae5c-721f-aefc-06a390000292
018e66c2-0945-7655-b275-89f965f1878f,018d3560-ae5c-721f-aefc-06a390000244
018e66cd-1254-793a-81cc-a72309e41f37,018d3560-ae5c-721f-aefc-06a390000010
018e66cf-5737-7f04-87c0-3e7615949ecc,018d3560-ae5c-721f-aefc-06a390000424
018e66c3-1d81-7a50-bd50-ff378f4bc311,018d3560-ae5c-721f-aefc-06a390002031
018e66d3-03e3-7c09-bee9-e78d522274ee,018d3560-ae5c-721f-aefc-06a390000722
018e66b9-d178-7174-8efa-4c1c0ec5a181,018d3560-ae5c-721f-aefc-06a390000012
018e66ce-8d22-7d91-8012-a38bd3b7d74a,018d3560-ae5c-721f-aefc-06a390000396
018e66c1-37b5-7193-921d-bfe383481df4,018d3560-ae5c-721f-aefc-06a390002004
018e66c2-a5ff-70a5-8eee-501448e5664d,018d3560-ae5c-721f-aefc-06a390000059
018e66b6-d19d-7f5a-b807-b47bb60ed614,018d3560-ae5c-721f-aefc-06a390000014
018e66c1-457f-7895-a8a7-0e85a556ad92,018d3560-ae5c-721f-aefc-06a390000110
018e66bf-d2b7-7200-a636-efe082d13845,018d3560-ae5c-721f-aefc-06a390000460
018e66b2-362c-7cc6-8142-5d7f0f4c275d,018d3560-ae5c-721f-aefc-06a390000489
018e66b2-e2ec-7281-9edf-20f663d32488,018d3560-ae5c-721f-aefc-06a390000576
018e66ce-5b7b-77b5-8fb8-af14049b5b61,018d3560-ae5c-721f-aefc-06a390000023
018e66ab-b0c9-7866-bccf-0f001571097e,018d3560-ae5c-721f-aefc-06a390000567
018e66b8-d89c-728f-9f64-2920a4818945,018d3560-ae5c-721f-aefc-06a390000060
018e60ad-d6db-7ba4-b002-0464544cb1a6,018d3560-ae5c-721f-aefc-06a390001215
018e66cb-70b9-7064-b2b1-7aa76bdea0eb,018d3560-ae5c-721f-aefc-06a390000610
018e66d5-2624-7613-8181-8294317843ac,018d3560-ae5c-721f-aefc-06a390002070
018e66d1-7aae-7530-b220-28454ed2fa77,018d3560-ae5c-721f-aefc-06a390000083
018e66cc-4ec8-7c26-8289-657cecfa3879,018d3560-ae5c-721f-aefc-06a390000493
018e66d3-c46c-7240-a9a2-f67a44a6cc59,018d3560-ae5c-721f-aefc-06a390000519
018e60ad-c56b-776a-8b6b-3972662e5021,018d3560-ae5c-721f-aefc-06a390003343
018e66cf-0c31-788a-b626-53bef357219c,018d3560-ae5c-721f-aefc-06a380000089
018e66c0-c861-7341-a251-3c90cc0cbae0,018d3560-ae5c-721f-aefc-06a390000259
018e66c3-8b2e-7f52-b115-d097ae86d22c,018d3560-ae5c-721f-aefc-06a390000754
018e66d4-c44e-7317-ac26-696c97e70568,018d3560-ae5c-721f-aefc-06a390002118
018e66b8-8806-74b6-86b7-a42531cdc1ed,018d3560-ae5c-721f-aefc-06a390000637
018e66c1-d227-784e-a1e4-517a472ab0bd,018d3560-ae5c-721f-aefc-06a390000123
018e66cf-8929-77b2-9f45-8d0c6a6dfe2c,018d3560-ae5c-721f-aefc-06a390000660
018e66d5-7f15-7833-9364-087a4c9f6545,018d3560-ae5c-721f-aefc-06a390000769
018e66c6-9fee-7c40-bb75-1beeb39a8c53,018d3560-ae5c-721f-aefc-06a380000283
018e66d0-2a7f-7c0f-85ff-4c3b8ab87558,018d3560-ae5c-721f-aefc-06a390000133
018e66cd-50ca-7c36-8b2d-0a751812076b,018d3560-ae5c-721f-aefc-06a390000354
018e66d5-617a-72ba-a3fd-1763bf3db6ce,018d3560-ae5c-721f-aefc-06a390000087
018e66cf-dd7b-7112-acbe-93e5ef0f8fc6,018d3560-ae5c-721f-aefc-06a380000146
018e66cd-ab7c-7ec4-82e8-5d4d1be82da7,018d3560-ae5c-721f-aefc-06a390000275
018e63de-4cf0-7d1f-9b5a-ab7f4ecfa14f,018d3560-ae5c-721f-aefc-06a390001063
018e66d2-c566-7864-baf1-97e8dae00773,018d3560-ae5c-721f-aefc-06a390000365
018e66cf-2429-7f82-8e43-8a52b7b91de9,018d3560-ae5c-721f-aefc-06a390000262
018e66c2-e95a-7996-9612-f6de1b4296fd,018d3560-ae5c-721f-aefc-06a390000103
018e66c0-5496-7ba5-9abc-88aa0b085099,018d3560-ae5c-721f-aefc-06a390000420
018e66cd-be45-7269-9bc8-6e0083dbf0d5,018d3560-ae5c-721f-aefc-06a390000310
018e66d1-11ab-758b-9afa-c7bcb3489cc0,018d3560-ae5c-721f-aefc-06a390000306
018e66b6-9046-7e80-9621-3ae1ea1b8cf9,018d3560-ae5c-721f-aefc-06a390000348
018e63de-4be7-7a6e-9f20-1a3715886057,018d3560-ae5c-721f-aefc-06a390001022
018e66ae-ac83-74d1-b78b-b60b58ff7037,018d3560-ae5c-721f-aefc-06a390000064
018e66c7-d71b-7800-842c-594dc18eb7d2,018d3560-ae5c-721f-aefc-06a390000366
018e66cc-fcfd-70a6-8146-38e43166c5a2,018d3560-ae5c-721f-aefc-06a390000097
018e60ad-b543-72bf-83e7-11ad8d95d649,018d3560-ae5c-721f-aefc-06a390003348
018e60ad-cd26-70be-ad8d-66c162422ae1,018d3560-ae5c-721f-aefc-06a390001246
018e66c2-3cce-74e0-9ab9-0a92ebe3b45e,018d3560-ae5c-721f-aefc-06a390000172
018e60a1-1b14-73fd-99a1-35b669d8b768,018d3560-ae5c-721f-aefc-06a390001779
018e66b3-5a43-76d6-9a0c-c915c89cce7e,018d3560-ae5c-721f-aefc-06a390000419
018e66d5-74b4-7616-a5f2-157913d2bc53,018d3560-ae5c-721f-aefc-06a380000524
018e66af-3731-7907-a482-17f904f5aabe,018d3560-ae5c-721f-aefc-06a390000066
018e66c7-9fa5-768d-82ad-01693b8a295f,018d3560-ae5c-721f-aefc-06a390000762
018e66cf-7fb3-7dce-beaf-c3a5786621d2,018d3560-ae5c-721f-aefc-06a390000307
018e66c2-4c36-72ab-bd1d-f4bf34a8038a,018d3560-ae5c-721f-aefc-06a390000409
018e66ce-ce51-7402-9b21-6278c5e72d34,018d3560-ae5c-721f-aefc-06a390000288
018e66c5-c183-765b-ac9a-6486beacd152,018d3560-ae5c-721f-aefc-06a390000294
018e66cc-f7a1-71de-9fc1-09ec10db08f9,018d3560-ae5c-721f-aefc-06a390000391
018e66c2-87ca-70cb-8f4c-41027cfe5d71,018d3560-ae5c-721f-aefc-06a390000326
018e66d3-2e66-7dd0-8f46-4eedde6f3f9d,018d3560-ae5c-721f-aefc-06a390002820
018e66cf-00b5-76be-ae26-f6d00a53ceb6,018d3560-ae5c-721f-aefc-06a390000289
018e66c3-24c5-7a2f-b1c0-1a99e4457e27,018d3560-ae5c-721f-aefc-06a390000793
018e66b7-ab1b-7eaf-811c-b23fc94db052,018d3560-ae5c-721f-aefc-06a390000550
018e66d4-98a9-77ce-84fb-4cfa469930e5,018d3560-ae5c-721f-aefc-06a390000487
018e60ad-bcaf-7b80-8a6c-915fb54eeb51,018d3560-ae5c-721f-aefc-06a390001528
018e66b9-8c85-7116-83e8-9676c4d62eab,018d3560-ae5c-721f-aefc-06a390000382
018e66cb-af22-75e3-aa12-919fe6504123,018d3560-ae5c-721f-aefc-06a390000648
018e66d5-1f45-7ac9-b135-267f7adc391a,018d3560-ae5c-721f-aefc-06a390000674
018e66cd-14fc-7743-9eb0-7c3fa76beffb,018d3560-ae5c-721f-aefc-06a390002056
018e66b8-db95-7fd6-9ced-6db3b751ee88,018d3560-ae5c-721f-aefc-06a390000474
018e60ad-b838-706c-8cb5-4be54ebb94c6,018d3560-ae5c-721f-aefc-06a390003306
018e66c1-7f67-7dc8-8682-5c432c174fa9,018d3560-ae5c-721f-aefc-06a390000065
018e4116-7631-7c3b-9be8-e3ad93244524,018d3560-ae5c-721f-aefc-06a390001955
018e63de-4b9b-734d-b1e3-e1760b8a0fa6,018d3560-ae5c-721f-aefc-06a390001121
018e66b2-e1da-79c3-8f01-a43c8c0cf5c8,018d3560-ae5c-721f-aefc-06a390000311
018e60ad-c498-7b19-8b79-2b25feecbb82,018d3560-ae5c-721f-aefc-06a390003349
018e66d4-8448-78b5-85bb-3857542a24b6,018d3560-ae5c-721f-aefc-06a390000119
018e66d2-bcc4-72d3-84c4-3cb8d45252ca,018d3560-ae5c-721f-aefc-06a390000165
018e60ad-aff0-7eee-ad87-02b7f725199a,018d3560-ae5c-721f-aefc-06a390003534
018e66cd-5fdd-78a1-b013-90db014976ba,018d3560-ae5c-721f-aefc-06a390000667
018e66c1-5b2e-72d8-8d8e-1285b77f02c4,018d3560-ae5c-721f-aefc-06a390000141
018e66c1-bf98-7a5b-8e0a-da633fd8c174,018d3560-ae5c-721f-aefc-06a390000077
018e66c5-4909-75ef-82e3-d3dedc0396c8,018d3560-ae5c-721f-aefc-06a390000068
018e66c7-7c45-70e2-bf5a-4716a71e394d,018d3560-ae5c-721f-aefc-06a390000240
018e60ad-d8a9-7873-aa4f-67de513ccc1d,018d3560-ae5c-721f-aefc-06a390003136
018e66cc-0187-750a-88f3-e4f4f21b0edf,018d3560-ae5c-721f-aefc-06a390000270
018e66cc-322f-7861-aab9-cdd76f65184a,018d3560-ae5c-721f-aefc-06a390000446
018e66c2-891a-7747-a2a2-82c93c3fb133,018d3560-ae5c-721f-aefc-06a390000370
018e66a9-25ab-7c0f-acc4-5bb794b6cdbe,018d3560-ae5c-721f-aefc-06a390000571
018e66d0-5d34-7f3e-b7e8-405a866a19a6,018d3560-ae5c-721f-aefc-06a390000430
018e66ae-ac83-74d1-b78b-b60b58ff7037,018d3560-ae5c-721f-aefc-06a500031377
018e66cd-d2db-71ef-a29a-ae5f497632fd,018d3560-ae5c-721f-aefc-06a390002585
018e66c2-0e0f-7f99-b75e-bcaa4771887c,018d3560-ae5c-721f-aefc-06a390000360
018e60ad-c83c-7dd0-8af4-9c839052f6cd,018d3560-ae5c-721f-aefc-06a390001382
018e669e-98e0-7daa-876e-ed0a3f373ed6,018d3560-ae5c-721f-aefc-06a390000267
018e66af-f38f-7dc6-9312-1a7d9b6b587d,018d3560-ae5c-721f-aefc-06a390000231
018e66cd-1ded-7cbb-8316-5089c38c0e8a,018d3560-ae5c-721f-aefc-06a390000070
018e60ad-d4db-7e42-94aa-3d6e9df4dbec,018d3560-ae5c-721f-aefc-06a390003233
018e66bb-98ca-7e66-89f8-c11881289a70,018d3560-ae5c-721f-aefc-06a390002096
018e66c9-36b7-7e4b-a9a1-49f3726ab750,018d3560-ae5c-721f-aefc-06a390000114
018e66d0-95c3-7c57-ace2-7976da9a2c4b,018d3560-ae5c-721f-aefc-06a380000177
018e66c5-6ae8-701e-902e-aaa5984d2e4d,018d3560-ae5c-721f-aefc-06a390000251
018e66d4-96df-7127-92af-86ec636926e5,018d3560-ae5c-721f-aefc-06a390000300
018e66cf-e983-7576-8c12-2b38c7ff0b9b,018d3560-ae5c-721f-aefc-06a390000278
018e66d1-a2b1-7ecd-8858-25fc553e03e4,018d3560-ae5c-721f-aefc-06a390000889
018e66cf-4b9e-738b-912d-6daf03935b21,018d3560-ae5c-721f-aefc-06a390000523
018e66cf-7404-7204-9ca4-ccda62698adc,018d3560-ae5c-721f-aefc-06a390000105
018e66b7-f304-7cec-bf20-431fd061579b,018d3560-ae5c-721f-aefc-06a390000098
018e66d5-5caa-791b-8006-2a0a895921da,018d3560-ae5c-721f-aefc-06a390000241
018e66d2-4ba4-7916-a67a-ca432877df61,018d3560-ae5c-721f-aefc-06a390000071
018e66b8-9445-72e8-bd94-b39ad6839411,018d3560-ae5c-721f-aefc-06a390000500
018e63de-4b19-70c7-80fe-590a4f155ced,018d3560-ae5c-721f-aefc-06a390001134
018e63de-4a83-721b-ac13-8163c7b26414,018d3560-ae5c-721f-aefc-06a390001050
018e66d0-962f-72ca-95e6-9b085725764b,018d3560-ae5c-721f-aefc-06a390000506
018e66cb-bb75-7176-b623-1006485547d5,018d3560-ae5c-721f-aefc-06a390000752
018e66b9-65fb-7608-933e-25011c10b6ec,018d3560-ae5c-721f-aefc-06a390000816
018e60ac-fbd1-7d1a-9398-85a7d23a5d79,018d3560-ae5c-721f-aefc-06a390001709
018e63de-48f6-773c-ba16-f8a324f0ecc3,018d3560-ae5c-721f-aefc-06a390001160
018e66d1-009e-738e-b2bd-1d745eaf2f7b,018d3560-ae5c-721f-aefc-06a390000069
018e66c6-396a-724c-96ea-13f4e3e76064,018d3560-ae5c-721f-aefc-06a390000873
018e60ad-b44e-72db-8c31-d17f94ca1727,018d3560-ae5c-721f-aefc-06a390003511
018e66bf-abc0-742d-a085-0c29853dbf63,018d3560-ae5c-721f-aefc-06a390000774
018e66ac-926c-7530-9796-664e5bcf57df,018d3560-ae5c-721f-aefc-06a390000817
018e66c1-50c9-7b30-9839-81ac2ddcbfb6,018d3560-ae5c-721f-aefc-06a390002599
018e60ad-b5dc-783e-8b89-78065f0bcfee,018d3560-ae5c-721f-aefc-06a390003390
018e60ad-caed-7492-bed1-30a46b34e11c,018d3560-ae5c-721f-aefc-06a390003332
018e60ad-ce2e-777e-a83d-5183487ce426,018d3560-ae5c-721f-aefc-06a390003331
018e60ad-00b6-79db-b96f-92db3dadfb0e,018d3560-ae5c-721f-aefc-06a390001676
018e66d2-9c6b-7ed5-8887-0d4706b36f5e,018d3560-ae5c-721f-aefc-06a390000183
018e60ad-ce6b-7670-9dc7-5aa98f9b16ff,018d3560-ae5c-721f-aefc-06a390001309
018e66d5-4de7-7bb4-8d8c-d9e874d33de0,018d3560-ae5c-721f-aefc-06a390000049
018e66d1-17bc-71d2-b5bb-3b7b354ca565,018d3560-ae5c-721f-aefc-06a390000242
018e66cc-dab3-7772-8af2-a190f3dff82d,018d3560-ae5c-721f-aefc-06a390000050
018e66ca-79d5-7eae-b299-f7a5d8dd3160,018d3560-ae5c-721f-aefc-06a390000485
018e60ad-e034-7812-aa5c-f8b98bfce626,018d3560-ae5c-721f-aefc-06a390001302
018e66d5-7339-7223-96a5-3480d0031146,018d3560-ae5c-721f-aefc-06a390000549
018e60ac-f6af-7d32-9f41-08a1e8b993f7,018d3560-ae5c-721f-aefc-06a390001761
018e66cb-ae30-7113-bec6-b6b4a473e2c1,018d3560-ae5c-721f-aefc-06a390000718
018e66cf-20c5-7c7c-a236-61512978213e,018d3560-ae5c-721f-aefc-06a390002015
018e66b8-1d3e-7d7e-8a23-e266231ba36a,018d3560-ae5c-721f-aefc-06a380000639
018e60ad-b509-7f88-8591-5f6920485b50,018d3560-ae5c-721f-aefc-06a390003327
018e66b9-74c7-786b-b3c1-32385907b60c,018d3560-ae5c-721f-aefc-06a390000714
018e609f-4e92-719b-89e2-9c1b9f4d627d,018d3560-ae5c-721f-aefc-06a390001878
018e66cc-a6df-7e91-8a1f-7ccd9203f30a,018d3560-ae5c-721f-aefc-06a390000029
018e60ad-b64c-7a34-ac7e-22e9fbe4df1c,018d3560-ae5c-721f-aefc-06a390001396
018e60ad-c112-7b00-abba-97f5e8e08d7f,018d3560-ae5c-721f-aefc-06a390003366
018e66ba-bcb2-7130-8b67-29074ca29a80,018d3560-ae5c-721f-aefc-06a390000422
018e66b3-a922-7797-a492-0eb08c982655,018d3560-ae5c-721f-aefc-06a390000197
018e66d5-3177-71c0-8011-328613c78210,018d3560-ae5c-721f-aefc-06a390000073
018e66b6-aaff-7f03-8d64-ab03a1cf7b2a,018d3560-ae5c-721f-aefc-06a390000120
018e66cb-f100-7267-a352-43f16b2a99a9,018d3560-ae5c-721f-aefc-06a390000323
018e66ca-ba1f-7346-bb2d-4ff860818039,018d3560-ae5c-721f-aefc-06a390000233
018e66cd-52f5-7a50-be8f-48048fca5ee4,018d3560-ae5c-721f-aefc-06a390000543
018e66cd-7849-7070-8841-b55632860ce1,018d3560-ae5c-721f-aefc-06a390000472
018e66c3-1bfc-7791-9c79-aa88042b4e6f,018d3560-ae5c-721f-aefc-06a390000334
018e66ce-3ad6-72bf-b891-bb9b4a969d35,018d3560-ae5c-721f-aefc-06a390000388
018e66cd-395e-7336-9d95-24d25264a3d0,018d3560-ae5c-721f-aefc-06a390000499
018e66c9-e3b9-77b6-acd9-8bb056aaaf3e,018d3560-ae5c-721f-aefc-06a390000565
018e66c3-1d81-7a50-bd50-ff378f4bc311,018d3560-ae5c-721f-aefc-06a390000074
018e66ca-ae76-7471-8898-2c64b3d0e149,018d3560-ae5c-721f-aefc-06a390000376
018e66cc-2e96-79bc-a3e9-95fc7fa2fa71,018d3560-ae5c-721f-aefc-06a390000591
018e66c0-bfc7-71e9-8aa8-f04eb4346d3e,018d3560-ae5c-721f-aefc-06a390001987
018e60ac-f7c1-75e0-b4dd-e21f34048b20,018d3560-ae5c-721f-aefc-06a390001742
018e60ad-b624-702e-b3f5-75f9e97ec2d6,018d3560-ae5c-721f-aefc-06a390001353
018e66c5-13b9-7239-ba08-71ae4a21ae44,018d3560-ae5c-721f-aefc-06a390000384
018e66bf-cb7f-7d31-8dac-c5a3badf9bf6,018d3560-ae5c-721f-aefc-06a390000082
018e66c2-c882-7226-b2b5-47b9d303a95b,018d3560-ae5c-721f-aefc-06a390002369
018e66cf-424d-78b8-975d-c39234e23970,018d3560-ae5c-721f-aefc-06a390000076
018e66cf-4e2a-78a0-af97-06498084c6c9,018d3560-ae5c-721f-aefc-06a390000145
018e66c6-7333-7dfa-9d3e-5a90c968a378,018d3560-ae5c-721f-aefc-06a390000343
018e66ba-ea5f-7cd6-a16d-16e1f6890d48,018d3560-ae5c-721f-aefc-06a390000496
018e66c3-3b92-784b-a739-5823d765beef,018d3560-ae5c-721f-aefc-06a390000140
018e66c7-0e5f-788c-afa1-f4caedb519ab,018d3560-ae5c-721f-aefc-06a390000187
018e66d0-db10-7231-8302-a47f1feb3474,018d3560-ae5c-721f-aefc-06a390000407
018e66c2-8a56-71d3-b88f-98ef947c4777,018d3560-ae5c-721f-aefc-06a390000699
018e66c6-7f11-7aaa-901a-c3dd07818dd5,018d3560-ae5c-721f-aefc-06a390000308
018e66cc-8db1-7320-b50d-0c9bdf18b0cb,018d3560-ae5c-721f-aefc-06a390000870
018e66ce-8bfe-7e7c-8d3f-c19f7470c5e1,018d3560-ae5c-721f-aefc-06a390000459
018e63de-4da8-7c0a-83b4-43162825d068,018d3560-ae5c-721f-aefc-06a390003013
018e66cd-ecab-739a-ab84-8a3395bb8a16,018d3560-ae5c-721f-aefc-06a390000351
018e60ad-c66a-74f8-b717-22bedef25f2b,018d3560-ae5c-721f-aefc-06a390003333
018e60ad-984a-73e0-92be-530a99139530,018d3560-ae5c-721f-aefc-06a390001615
018e66af-30da-7434-831d-28b91c4ed8ee,018d3560-ae5c-721f-aefc-06a390000168
018e66d0-8932-75a5-b9b8-a407b51ab007,018d3560-ae5c-721f-aefc-06a390000011
018e669f-8e1c-7200-ab7b-fd49381c7803,018d3560-ae5c-721f-aefc-06a390000274
018e66ae-73f4-72bb-ad9b-d022fcd85692,018d3560-ae5c-721f-aefc-06a390000024
018e66cc-067d-786c-a4b5-b3a270ada6c3,018d3560-ae5c-721f-aefc-06a390000465
018e66cf-3799-749c-85f3-cb96746c8ada,018d3560-ae5c-721f-aefc-06a390000081
018e66d4-09f1-74b7-a4fe-8e525ae56bd2,018d3560-ae5c-721f-aefc-06a390000101
018e66d3-b5b3-7b13-aa79-f710eeb916a0,018d3560-ae5c-721f-aefc-06a390000398
018e66c6-2b61-73ce-a51f-f9a818cb6847,018d3560-ae5c-721f-aefc-06a390000009
018e66d0-cff8-788c-a2f7-f869b2cde2d0,018d3560-ae5c-721f-aefc-06a390000045
018e66d5-5a4a-7448-a713-b0cc4e2d5f84,018d3560-ae5c-721f-aefc-06a390000026
018e66cf-20c5-7c7c-a236-61512978213e,018d3560-ae5c-721f-aefc-06a390000058
018e66ba-d919-7708-8bb3-a1a7a756e6eb,018d3560-ae5c-721f-aefc-06a390000151
018e63de-4a80-7aa1-875e-150a2aaf7a9e,018d3560-ae5c-721f-aefc-06a390001105
018e66ba-806d-793a-992c-bc5a5ff5900e,018d3560-ae5c-721f-aefc-06a390000171
018e66d1-46f1-732d-b453-c7313d3985f6,018d3560-ae5c-721f-aefc-06a390000350
018e66cc-cca1-78a0-af39-79e1ea2133c8,018d3560-ae5c-721f-aefc-06a390002411
018e60ad-c30b-7ffc-b229-1953f0cc9b53,018d3560-ae5c-721f-aefc-06a390001297
018e60ad-d746-71a0-9edd-425e8d2191e3,018d3560-ae5c-721f-aefc-06a390003290
018e66c6-4703-787a-817a-ccb0c8a9a9d0,018d3560-ae5c-721f-aefc-06a390000314
018e66cf-4498-7278-be5a-084915c6573b,018d3560-ae5c-721f-aefc-06a390000458
018e66b7-d5e3-79df-a232-13c5ef8e1eb2,018d3560-ae5c-721f-aefc-06a390000303
018e60ad-956e-79d0-ad87-8d555e5ef864,018d3560-ae5c-721f-aefc-06a390003498
018e66b9-9119-777d-b030-b2d33eb63b4f,018d3560-ae5c-721f-aefc-06a390000084
018e66d0-f99f-76ce-b005-76dea84e0408,018d3560-ae5c-721f-aefc-06a390000345
018e66b6-8808-72b7-b4dd-2022baaca1dd,018d3560-ae5c-721f-aefc-06a390000160
018e66cd-e941-7d58-891b-f0e3160d5077,018d3560-ae5c-721f-aefc-06a390000548
018e66c1-2163-7757-8b0b-4631c72d9524,018d3560-ae5c-721f-aefc-06a390000118
018e66b9-d068-755a-a809-8a1eb560c334,018d3560-ae5c-721f-aefc-06a390000051
018e66b2-777a-7cc0-949d-caa99210919f,018d3560-ae5c-721f-aefc-06a390000015
018e66cb-a668-75b2-b9b7-ee4950bd46d6,018d3560-ae5c-721f-aefc-06a390000449
018e66cc-56f6-7468-9281-754c401dab55,018d3560-ae5c-721f-aefc-06a390000655
018e66ce-6aed-7ae2-a6da-b0a4b6e8b92c,018d3560-ae5c-721f-aefc-06a390000136
018e66d5-9e19-7408-943b-980f21bab30c,018d3560-ae5c-721f-aefc-06a390000053
018e66ce-93af-7e87-8996-223ad4fc7213,018d3560-ae5c-721f-aefc-06a390000100
018e66c9-42b0-7e57-8138-b228bef71a6a,018d3560-ae5c-721f-aefc-06a390000222
018e66be-ef93-76de-8648-9600281fab08,018d3560-ae5c-721f-aefc-06a390000252
018e66c2-360b-7f99-9480-015cddb04fc1,018d3560-ae5c-721f-aefc-06a390000204
018e66cd-3363-7e91-868d-058f11daa170,018d3560-ae5c-721f-aefc-06a390000286
018e66c3-e3cd-77c9-9dfd-d3549a80c5d5,018d3560-ae5c-721f-aefc-06a390000527
018e66c6-47b2-718a-98b6-8bf65e78c11f,018d3560-ae5c-721f-aefc-06a390000000
018e66d4-e8f8-7482-a740-705caf9da404,018d3560-ae5c-721f-aefc-06a390000157
018e66c8-3d63-752f-bac1-c79b041e2110,018d3560-ae5c-721f-aefc-06a390000568
018e66ce-3db2-78cc-9a24-a8ebf194b5f6,018d3560-ae5c-721f-aefc-06a390000757
018e66d4-4676-72a7-9f49-8d5fc2ec6db5,018d3560-ae5c-721f-aefc-06a390000031
018e60ad-9d56-70ba-8d0b-a5ce9609b915,018d3560-ae5c-721f-aefc-06a390001472
018e66d4-35ac-7c7d-9da5-9c15f232a055,018d3560-ae5c-721f-aefc-06a390000602
018e66c7-aaff-7e52-b422-4467dd3b22cc,018d3560-ae5c-721f-aefc-06a380000342
018e66cf-7956-7840-b13e-47620f939676,018d3560-ae5c-721f-aefc-06a390000806
018e60ad-c2e1-7890-89a9-3f428f8db049,018d3560-ae5c-721f-aefc-06a390003329
018e66d5-4cc8-78c6-b8ec-bc40e3c9baa1,018d3560-ae5c-721f-aefc-06a390000645
018e66d4-f3b5-7757-970b-2740bf154275,018d3560-ae5c-721f-aefc-06a390000629
018e66cf-ecdb-7b07-81bb-cc9a137e1da2,018d3560-ae5c-721f-aefc-06a390000841
018e66c1-94e4-72a8-887d-e0eb422b539a,018d3560-ae5c-721f-aefc-06a390000246
018e66d4-ad5c-7752-9cb2-1c535a361152,018d3560-ae5c-721f-aefc-06a390000102
018e66c7-31cb-7c64-bd63-ef6aed27407b,018d3560-ae5c-721f-aefc-06a390000532
018e66c0-e01d-7fad-b590-aae8e4a358d7,018d3560-ae5c-721f-aefc-06a390000181
018e66d4-015d-7094-8cd7-3eb425e675f0,018d3560-ae5c-721f-aefc-06a390000186
018e66d2-8c84-7e6f-866f-4de7352a7876,018d3560-ae5c-721f-aefc-06a390000134
018e66b7-f637-7aeb-94b7-c7645c4871d6,018d3560-ae5c-721f-aefc-06a390000410
018e66d5-1755-76f6-8f5d-f7bede855c41,018d3560-ae5c-721f-aefc-06a390000138
018e66ca-0257-71e0-8acb-c3badbd3a3c3,018d3560-ae5c-721f-aefc-06a390000392
018e6681-3174-78ed-b0a2-62e85cbd6282,018d3560-ae5c-721f-aefc-06a390000226
018e66ce-f438-7ce2-9916-cc218ace8e5e,018d3560-ae5c-721f-aefc-06a390000130
018e66b2-b6af-7986-a4e4-e28d850d3a60,018d3560-ae5c-721f-aefc-06a390002694
018e60ad-c3a8-7885-ab94-b4d20cb834c4,018d3560-ae5c-721f-aefc-06a390003354
018e60ad-c377-7d2b-90f0-15cc8e8709ae,018d3560-ae5c-721f-aefc-06a390001521
018e66d1-6c4f-7199-87fc-234a2af1763c,018d3560-ae5c-721f-aefc-06a390000194
018e66ad-f18c-7082-8f03-5a6320ea90d3,018d3560-ae5c-721f-aefc-06a390000406
018e66b3-4f1a-785c-8f19-caa91b569554,018d3560-ae5c-721f-aefc-06a390000117
018e66d0-405c-70c1-83a1-5cef654b96b3,018d3560-ae5c-721f-aefc-06a390002370
018e66cc-243e-7e43-a3c5-5d88b746a8d5,018d3560-ae5c-721f-aefc-06a390000143
018e66c6-9fee-7c40-bb75-1beeb39a8c53,018d3560-ae5c-721f-aefc-06a390000283
018e66cd-566c-7824-9182-e2b9e1cb7fc4,018d3560-ae5c-721f-aefc-06a390000296
018e66c4-7746-7351-ba80-fd55bbaf99b4,018d3560-ae5c-721f-aefc-06a390000357
018e66c2-a5ee-7d88-a695-119cca6c3ecc,018d3560-ae5c-721f-aefc-06a390000332
018e66b8-392b-7cc2-8dc2-3ae359087285,018d3560-ae5c-721f-aefc-06a390000106
018e66c1-0b04-77a7-9ede-4513f71c4482,018d3560-ae5c-721f-aefc-06a390000148
018e66d5-3557-7465-9112-f643342815b8,018d3560-ae5c-721f-aefc-06a390000234
018e66c1-6736-7f19-b2df-49cf0321e38f,018d3560-ae5c-721f-aefc-06a390000619
018e66b7-f761-7544-8980-0793ecba4cb5,018d3560-ae5c-721f-aefc-06a390000109
018e66bc-2d74-7eee-b478-355a65a5ff4c,018d3560-ae5c-721f-aefc-06a390000164
018e66c3-86ac-7e4f-9b83-2be12f9e50ae,018d3560-ae5c-721f-aefc-06a380000640
018e66ce-7300-7c48-bd1c-75ea379539f2,018d3560-ae5c-721f-aefc-06a390002647
018e60ad-d2e5-77e9-abf9-c1eaa8bc8b5b,018d3560-ae5c-721f-aefc-06a390003253
018e66d4-8752-7920-b0f9-e00ef312ab18,018d3560-ae5c-721f-aefc-06a390000184
018e60ad-d2b8-71e3-bf69-343980e06ce4,018d3560-ae5c-721f-aefc-06a390003323
018e66d5-2624-7613-8181-8294317843ac,018d3560-ae5c-721f-aefc-06a390000113
018e66cd-5a74-7ede-86dd-38d1e9797ea5,018d3560-ae5c-721f-aefc-06a390000178
018e66c0-55e9-7ef3-a46a-499b19367b02,018d3560-ae5c-721f-aefc-06a390000205
018e66c4-d84f-7412-afd3-c89d8365883d,018d3560-ae5c-721f-aefc-06a390000167
018e66c4-fcc0-7ada-8ad9-7fd5259226af,018d3560-ae5c-721f-aefc-06a390000107
018e66c6-1d68-74e0-ad15-f509bd74dfb9,018d3560-ae5c-721f-aefc-06a390000253
018e66d0-44d3-766b-9480-7e34276480fb,018d3560-ae5c-721f-aefc-06a390002667
018e66d0-f538-7ae1-bd88-fd67041f3c24,018d3560-ae5c-721f-aefc-06a390000318
018e60ad-be75-7d0a-ba83-e7b3d4bd8e3a,018d3560-ae5c-721f-aefc-06a390003344
018e66d4-a7e8-7359-bcde-b72069df2801,018d3560-ae5c-721f-aefc-06a390002797
018e66d5-1ea4-7830-b96e-7dc8574f0069,018d3560-ae5c-721f-aefc-06a390000207
018e66d4-c978-74c3-89f0-c1d438987249,018d3560-ae5c-721f-aefc-06a390000328
018e60ad-9740-7bf2-8c90-78561c482080,018d3560-ae5c-721f-aefc-06a390001590
018e66cf-230a-7d15-a080-7a598e4ca169,018d3560-ae5c-721f-aefc-06a390000279
018e66cc-b86d-773c-9916-7725beaff792,018d3560-ae5c-721f-aefc-06a390000650
018e60ad-ce6b-7e21-959e-aa9d2fdce0ea,018d3560-ae5c-721f-aefc-06a390001290
018e66cd-a508-77d9-8d71-4470549cf072,018d3560-ae5c-721f-aefc-06a390000478
018e66cb-e8bb-7a5f-b8b7-5f313933d860,018d3560-ae5c-721f-aefc-06a380000363
018e66b8-0772-7ce3-b302-f33e783d6231,018d3560-ae5c-721f-aefc-06a390000063
018e66d3-b32e-78eb-8f88-353f9d8034c4,018d3560-ae5c-721f-aefc-06a390000057
018e66d4-8422-7445-9f38-e7a19645baf5,018d3560-ae5c-721f-aefc-06a390000528
018e66c1-5792-7318-90d6-8820a32eae5d,018d3560-ae5c-721f-aefc-06a380000876
018e66c2-0f55-7212-9021-a48da36b7e11,018d3560-ae5c-721f-aefc-06a390000185
018e66c5-9df7-7d97-ba46-b9859c25d392,018d3560-ae5c-721f-aefc-06a390000582
018e66c6-c48c-7878-9f51-7abde09f0995,018d3560-ae5c-721f-aefc-06a390000108
018e66c0-ed02-78be-95b5-38f730210e8f,018d3560-ae5c-721f-aefc-06a390000214
018e66d3-f6e7-7885-8b70-7f14f00298e3,018d3560-ae5c-721f-aefc-06a390000153
018e66d2-223a-7c24-98d1-38018d7bb2fb,018d3560-ae5c-721f-aefc-06a390002700
018e63de-4ea3-735d-8112-fa96a3243ae4,018d3560-ae5c-721f-aefc-06a390002949
018e66d0-c0c8-7ee9-8f03-5b5c8445a246,018d3560-ae5c-721f-aefc-06a390000514
018e63de-4a96-72dd-87ea-28bae81c0c4b,018d3560-ae5c-721f-aefc-06a390001129
018e60ad-cc20-760c-b05a-51b45b76b82d,018d3560-ae5c-721f-aefc-06a390001350
018e66cf-3799-749c-85f3-cb96746c8ada,018d3560-ae5c-721f-aefc-06a390002038
018e63de-4be7-7a6e-9f20-1a3715886057,018d3560-ae5c-721f-aefc-06a390002979
018e66c4-d4c4-755a-85fa-159488db9e2f,018d3560-ae5c-721f-aefc-06a390002865
018e63de-4e60-70eb-8f0e-2e1851a8b002,018d3560-ae5c-721f-aefc-06a390002917
018e63de-4d55-7f08-821e-167ba4105833,018d3560-ae5c-721f-aefc-06a390002940
018e63de-4ed9-7e65-a1f8-c9674fe7c430,018d3560-ae5c-721f-aefc-06a390002927
018e60ad-d8a9-7aab-9acb-f181891c9576,018d3560-ae5c-721f-aefc-06a390003482
018e66c3-de04-7eb4-9621-d1d223c2dbde,018d3560-ae5c-721f-aefc-06a380000008
018e60ad-cb26-7d7c-80ec-59047e71b302,018d3560-ae5c-721f-aefc-06a390003322
018e66ce-bb58-74a3-a55d-dd0d8556d39e,018d3560-ae5c-721f-aefc-06a390000061
018e66d4-8e2c-7c6e-84ad-f405c9819d57,018d3560-ae5c-721f-aefc-06a390000075
018e60ad-b8cf-709c-b9f0-38315f9490c8,018d3560-ae5c-721f-aefc-06a390003510
018e66cd-7d40-78d9-b0bd-36491539f685,018d3560-ae5c-721f-aefc-06a390000598
018e66b8-035f-703c-a967-4632cb1e71dc,018d3560-ae5c-721f-aefc-06a390000112
018e66c0-a17d-71ee-a20e-ec47c4251686,018d3560-ae5c-721f-aefc-06a390000686
018e60ad-bb9f-735f-ae56-b52f1fe7f1eb,018d3560-ae5c-721f-aefc-06a390003352
018e66bc-f7b0-7b2f-bbe2-748b01e7c596,018d3560-ae5c-721f-aefc-06a390000062
018e66a0-27ac-70eb-a2d5-7dc4eaac8623,018d3560-ae5c-721f-aefc-06a390000819
018e66cb-3f1b-7679-8604-90d830222123,018d3560-ae5c-721f-aefc-06a390000902
018e60ad-b6f1-7b98-ba9a-a5c5911af886,018d3560-ae5c-721f-aefc-06a390003380
018e66d5-479e-7e78-b501-d6fc95e21a74,018d3560-ae5c-721f-aefc-06a390000192
018e66c9-d614-74af-81cc-a27362bd7d63,018d3560-ae5c-721f-aefc-06a390002646
018e66cc-e6d9-7c0e-839a-8a3d78a7af61,018d3560-ae5c-721f-aefc-06a390000626
018e66d5-b6be-76e9-a1c5-2c75928c8dbc,018d3560-ae5c-721f-aefc-06a390000218
018e66d0-6347-798d-8a11-1bc317c446f4,018d3560-ae5c-721f-aefc-06a390000501
018e66cb-55d8-7551-911a-730e41df9736,018d3560-ae5c-721f-aefc-06a390000705
018e66c6-54fb-7c6f-bf39-c46e97fdb293,018d3560-ae5c-721f-aefc-06a390000539
018e66cd-620d-72a0-b4c1-a8ab4e4e19f1,018d3560-ae5c-721f-aefc-06a390000127
018e63de-4b64-796f-a555-48751eb596dc,018d3560-ae5c-721f-aefc-06a390003047
018e66b6-a2bd-7a84-af46-1cf8c1c3bcaa,018d3560-ae5c-721f-aefc-06a390000111
018e66c2-f1c5-78fe-9344-5e2f83f6ce9d,018d3560-ae5c-721f-aefc-06a390000121
018e60ad-b3f7-7f63-8eac-a44a79ade931,018d3560-ae5c-721f-aefc-06a390003371
018e66b7-77ae-74a6-8c44-4fbdc0140d36,018d3560-ae5c-721f-aefc-06a390000416
018e66c3-5485-737b-b4dc-7203b2b79620,018d3560-ae5c-721f-aefc-06a390000557
018e66c1-8c59-7a79-9bb6-562c84759c05,018d3560-ae5c-721f-aefc-06a390000490
018e66b8-c83d-7978-ad8b-5375dce8db76,018d3560-ae5c-721f-aefc-06a390000451
018e66cc-291a-706f-80fa-36a1ded68cbf,018d3560-ae5c-721f-aefc-06a390000155
018e66d3-20c0-7eb0-bbc4-e155f3167f0f,018d3560-ae5c-721f-aefc-06a390000389
018e66cd-14d5-712e-9f45-26924bcce1dc,018d3560-ae5c-721f-aefc-06a390000421
018e66d4-f4ca-7d6a-af13-df78e4478ae3,018d3560-ae5c-721f-aefc-06a390000531
018e66cb-1351-730b-a12a-b0c3061e304b,018d3560-ae5c-721f-aefc-06a390000147
018e66cd-df07-7e91-8d20-1f1e6800020e,018d3560-ae5c-721f-aefc-06a390000441
018e66c6-7b3b-78dc-a326-18b3a9c2972e,018d3560-ae5c-721f-aefc-06a390000461
018e66c2-f118-79ed-bb8e-e99f680cc652,018d3560-ae5c-721f-aefc-06a390000302
018e66c5-917e-747c-8b71-c5fbde1331fa,018d3560-ae5c-721f-aefc-06a390002072
018e60ad-bd22-7272-8398-27a8d615c2a3,018d3560-ae5c-721f-aefc-06a390003493
018e66cc-cca1-78a0-af39-79e1ea2133c8,018d3560-ae5c-721f-aefc-06a390000454
018e60ad-b482-7c62-adb8-1ce873a2cec2,018d3560-ae5c-721f-aefc-06a390001388
018e6681-7390-7912-a47c-76808bc333c4,018d3560-ae5c-721f-aefc-06a390000701
018e66d4-057e-7c05-8500-1947c65a6f82,018d3560-ae5c-721f-aefc-06a390000533
018e60ac-f5a2-7a7f-af82-823a05bf4b63,018d3560-ae5c-721f-aefc-06a390001762
018e66cc-60b3-78c7-bee4-a1b564d7cfae,018d3560-ae5c-721f-aefc-06a390000385
018e66bc-be34-7d1f-9a0c-d535597b8e19,018d3560-ae5c-721f-aefc-06a390000615
018e66d5-c132-7e2d-adfe-2566a968c453,018d3560-ae5c-721f-aefc-06a390000129
018e66b9-f936-7157-ace3-47ad67467bce,018d3560-ae5c-721f-aefc-06a390000250
018e66b8-e01e-7320-ac5b-23a94161038a,018d3560-ae5c-721f-aefc-06a390000428
018e66d4-066b-7fbd-8be3-a80a277c5bec,018d3560-ae5c-721f-aefc-06a380000163
018e66cc-bc9e-71d5-8655-da52688676d6,018d3560-ae5c-721f-aefc-06a390000512
018e66c6-aeb2-781b-b92d-c727faf3c09c,018d3560-ae5c-721f-aefc-06a390000759
018e66d0-8932-75a5-b9b8-a407b51ab007,018d3560-ae5c-721f-aefc-06a380000011
018e66d3-d138-7589-b092-9ebf6122eee0,018d3560-ae5c-721f-aefc-06a390000238
018e66cf-0adf-7aac-bd98-c51115e7b794,018d3560-ae5c-721f-aefc-06a390000213
018e60ad-a192-7009-914c-76fa304be8d4,018d3560-ae5c-721f-aefc-06a390003359
018e66cb-e503-793c-8062-63311aa5361d,018d3560-ae5c-721f-aefc-06a390000212
018e66c5-8286-7c77-b475-2d76af2630e2,018d3560-ae5c-721f-aefc-06a390000229
018e66cd-eefe-7c21-bcd9-874ba483d219,018d3560-ae5c-721f-aefc-06a390000245
018e60ad-95a6-7dca-9d39-d5cdeacdd7fe,018d3560-ae5c-721f-aefc-06a390001621
018e66d5-746b-780e-8305-6f58115fe2e9,018d3560-ae5c-721f-aefc-06a390000287
018e60ad-cb26-7d7c-80ec-59047e71b302,018d3560-ae5c-721f-aefc-06a390001365
018e66c9-7e58-7c24-afe0-2da891b0c0f1,018d3560-ae5c-721f-aefc-06a390000299
018e60ad-9885-7362-ac13-91744fdf0647,018d3560-ae5c-721f-aefc-06a390001575
018e66bc-5ce7-705a-b5bf-16aa56e3c2de,018d3560-ae5c-721f-aefc-06a390000228
018e60ad-b654-749a-8da7-1db7f52d2442,018d3560-ae5c-721f-aefc-06a390003336
018e66bb-65cc-7d4b-af0b-2fa13e96728b,018d3560-ae5c-721f-aefc-06a390000317
018e66d4-3d16-7994-ae1c-2348a41d29ce,018d3560-ae5c-721f-aefc-06a390000255
018e66d5-b2ec-78df-916d-2754c3a8d379,018d3560-ae5c-721f-aefc-06a390000206
018e66ca-e78d-7380-bd9d-c0223557d83e,018d3560-ae5c-721f-aefc-06a390000260
018e66b8-52b1-7304-bbc2-6d6779b066a1,018d3560-ae5c-721f-aefc-06a390000399
018e60ad-d223-7b3d-b583-581e6eb2c334,018d3560-ae5c-721f-aefc-06a390003262
018e66c1-1b79-719d-8b8b-1d56ba2ef791,018d3560-ae5c-721f-aefc-06a390000417
018e66c7-4177-7890-9238-a3042eb126bb,018d3560-ae5c-721f-aefc-06a390000166
018e60ad-b389-7b28-94a9-d1b1492fc141,018d3560-ae5c-721f-aefc-06a390003364
018e668f-7ddc-73d8-89e5-7b1ff3e13b61,018d3560-ae5c-721f-aefc-06a390000200
018e66c1-37b5-7193-921d-bfe383481df4,018d3560-ae5c-721f-aefc-06a380000047
018e66d2-994b-75b6-8d33-b02348d4164b,018d3560-ae5c-721f-aefc-06a390000865
018e66bb-98ca-7e66-89f8-c11881289a70,018d3560-ae5c-721f-aefc-06a390000139
018e60ad-b6e9-73b8-bde4-fbee3bbc9b49,018d3560-ae5c-721f-aefc-06a390003330
018e63de-4d87-7c13-96b7-a2db1b510ca0,018d3560-ae5c-721f-aefc-06a390001010
018e66cc-7f76-777e-be48-21dca9eca2fc,018d3560-ae5c-721f-aefc-06a390000427
018e60ad-b26f-7894-9ceb-14a5e67e19d6,018d3560-ae5c-721f-aefc-06a390001457
018e66b6-e109-7253-85bf-92fd4928ff76,018d3560-ae5c-721f-aefc-06a390000243
018e66cf-dd7b-7112-acbe-93e5ef0f8fc6,018d3560-ae5c-721f-aefc-06a390000146
018e66ba-bb72-7a9c-9084-173b11d4bb3f,018d3560-ae5c-721f-aefc-06a390000380
018e60ac-f7c2-7f8f-a0fb-472dcb29ce3a,018d3560-ae5c-721f-aefc-06a390001751
018e60a1-11b9-70e3-882a-c48e7b6d558e,018d3560-ae5c-721f-aefc-06a390001830
018e66c4-9481-7561-a57a-7b8a1c496272,018d3560-ae5c-721f-aefc-06a380000019
018e66b2-777a-7cc0-949d-caa99210919f,018d3560-ae5c-721f-aefc-06a380000015
018e66cd-6849-7951-8f7a-ab6c105b9137,018d3560-ae5c-721f-aefc-06a390000337
018e60ad-d409-72d2-89ca-13160b2b5fe1,018d3560-ae5c-721f-aefc-06a390003407
018e60ad-dd79-7aea-af71-6f259ca3c573,018d3560-ae5c-721f-aefc-06a390001245
018e66b0-4734-7f4a-bbba-e2f9b4ad6f4a,018d3560-ae5c-721f-aefc-06a390000805
018e668f-49a7-7905-908d-4182ec6edc79,018d3560-ae5c-721f-aefc-06a390000216
018e66b7-f304-7cec-bf20-431fd061579b,018d3560-ae5c-721f-aefc-06a400000099
018e60ad-bc7e-7641-befe-43cd622925de,018d3560-ae5c-721f-aefc-06a390003338
018e66cb-8d9f-7998-aa94-0c33f2c1dcc6,018d3560-ae5c-721f-aefc-06a390000291
018e66c3-55a3-7b3d-9135-23e4026fa15d,018d3560-ae5c-721f-aefc-06a390000692
018e66d4-8840-73ae-a3ba-e790b5e660b7,018d3560-ae5c-721f-aefc-06a390000142
018e6688-20b5-7dbd-96ef-77f8a5cae363,018d3560-ae5c-721f-aefc-06a390000596
018e66c1-50c9-7b30-9839-81ac2ddcbfb6,018d3560-ae5c-721f-aefc-06a390000642
018e66c8-82d4-7963-9aa1-66e7a7e54b4e,018d3560-ae5c-721f-aefc-06a390000505
018e66d0-44d3-766b-9480-7e34276480fb,018d3560-ae5c-721f-aefc-06a390000710
018e66cc-d21c-7526-88d0-a0f9d3d78543,018d3560-ae5c-721f-aefc-06a390000404
018e66c4-b4b5-7b35-9a69-d0fc8aec1529,018d3560-ae5c-721f-aefc-06a390000495
018e60ad-c0e3-74ce-b5ed-de081bba0658,018d3560-ae5c-721f-aefc-06a390003351
018e66c7-a561-7c61-9ac7-44c0aae56bb6,018d3560-ae5c-721f-aefc-06a390000144
018e66b8-0abe-75fe-b821-cfd69321a244,018d3560-ae5c-721f-aefc-06a390000327
018e66a3-3f22-7365-a999-8a4db4af412f,018d3560-ae5c-721f-aefc-06a390000265
018e63de-4ad8-717e-872f-eb4bc8539f79,018d3560-ae5c-721f-aefc-06a390001054
018e66c9-9e8c-71ac-892a-673f7fd6c629,018d3560-ae5c-721f-aefc-06a390000928
018e668e-610d-7475-bb3f-bb0bfe64c021,018d3560-ae5c-721f-aefc-06a390000756
018e60ad-e2df-76b4-8e2b-aabc78ee8d0d,018d3560-ae5c-721f-aefc-06a390001266
018e60a1-220f-7905-b32e-65c2e12eac51,018d3560-ae5c-721f-aefc-06a390001802
018e66c1-97c3-70c6-8eba-911f03055dc3,018d3560-ae5c-721f-aefc-06a380000017
018e66c2-14ad-7be3-8511-ec7c409bde58,018d3560-ae5c-721f-aefc-06a390000911
018e63de-4d3c-7822-8257-35b1becca297,018d3560-ae5c-721f-aefc-06a390001036
018e60ad-da3e-7d5f-9735-0254c4814c02,018d3560-ae5c-721f-aefc-06a390001188
018e63de-495c-719e-bab0-989bcc2b982a,018d3560-ae5c-721f-aefc-06a390001128
018e66cf-ac23-7bc9-abd8-6bc2f3c55911,018d3560-ae5c-721f-aefc-06a390000572
018e66cc-00e1-7e46-a8a3-a3ce9183122c,018d3560-ae5c-721f-aefc-06a390000352
018e66d4-6d18-77b0-9cc2-4927cb2b09d6,018d3560-ae5c-721f-aefc-06a380000037
018e66c5-9625-7072-94c4-2a6bd44c4a5a,018d3560-ae5c-721f-aefc-06a390000180
018e63de-4ee5-7bb8-a05c-f1f1f035161e,018d3560-ae5c-721f-aefc-06a390001023
018e63de-4af7-7bfa-a0e4-db856b1f4322,018d3560-ae5c-721f-aefc-06a390001113
018e60ad-b266-7272-91a1-5fb12f1cd75e,018d3560-ae5c-721f-aefc-06a380001401
018e66c5-0e53-7d43-950f-ee8eeadba7de,018d3560-ae5c-721f-aefc-06a390000862
018e66d0-a055-7ef5-bd20-9b6e90a64ad9,018d3560-ae5c-721f-aefc-06a390000544
018e66cb-d61a-7382-9037-1fdbcce06bd7,018d3560-ae5c-721f-aefc-06a390000217
018e66c1-72d0-7e40-9aee-85070d774aa6,018d3560-ae5c-721f-aefc-06a390000150
018e66cd-684f-71d7-b5ee-703f9dabc543,018d3560-ae5c-721f-aefc-06a390000711
018e60ad-bf1c-7956-8282-af6458f0d651,018d3560-ae5c-721f-aefc-06a390001216
018e66c3-6a62-7f3c-b81e-f6301e154e3b,018d3560-ae5c-721f-aefc-06a390000811
018e66d4-025f-7187-a9f7-33ba75798b9a,018d3560-ae5c-721f-aefc-06a390000448
018e60ad-d019-720d-ac73-1b29a350cbb4,018d3560-ae5c-721f-aefc-06a390001476
018e66cd-cda9-7f48-b719-edfcdf2673fb,018d3560-ae5c-721f-aefc-06a390000852
018e60ad-d11a-75e8-9c79-e3525e49ced3,018d3560-ae5c-721f-aefc-06a390001264
018e60ad-b389-7e1b-ae43-e6ee56544483,018d3560-ae5c-721f-aefc-06a390003350
018e60ad-a0d9-7cf1-957b-396b9577fcb9,018d3560-ae5c-721f-aefc-06a390003454
018e66c5-d664-76a0-ba7c-869ef2da60fb,018d3560-ae5c-721f-aefc-06a390000525
018e66cf-6096-7ce1-8091-7c3c79aa23f6,018d3560-ae5c-721f-aefc-06a390000158
018e66c1-b05a-7d1a-9e26-27255095d3b4,018d3560-ae5c-721f-aefc-06a390000248
018e66d4-5026-7eb0-a44c-606cd995b918,018d3560-ae5c-721f-aefc-06a390000726
018e60ad-981d-76a0-8776-32fad1f8c160,018d3560-ae5c-721f-aefc-06a390001620
018e63de-4f2c-7f02-8fa3-bfd7d211e9e6,018d3560-ae5c-721f-aefc-06a390000989
018e63de-4b32-77dc-8a01-51879f6e3a27,018d3560-ae5c-721f-aefc-06a390001058
018e66d4-d996-720e-9f9b-7617f12b2fca,018d3560-ae5c-721f-aefc-06a390000080
018e63de-4f2c-7ca2-8184-9b6ebcf26573,018d3560-ae5c-721f-aefc-06a390000985
018e66c5-1bf5-7423-b3a9-e56fda3e49d3,018d3560-ae5c-721f-aefc-06a390000654
018e669f-7d85-7f35-b844-887b920b29ce,018d3560-ae5c-721f-aefc-06a390002549
018e66d2-8c1d-7aad-be32-31c6f664229e,018d3560-ae5c-721f-aefc-06a390000131
018e60ad-bee3-7268-9cc7-e59f0efb274f,018d3560-ae5c-721f-aefc-06a390001424
018e63de-442f-762f-9b79-7dbc2a17fdbb,018d3560-ae5c-721f-aefc-06a390001143
018e66c7-130a-7bc4-866a-4802b7df5be1,018d3560-ae5c-721f-aefc-06a390000271
018e66cb-5a18-71f0-b486-13a049769dab,018d3560-ae5c-721f-aefc-06a390000371
018e66cd-7a31-7329-b143-f89ced026cb7,018d3560-ae5c-721f-aefc-06a390000874
018e66b8-3f1d-7fae-a65b-b9f255d02528,018d3560-ae5c-721f-aefc-06a390000309
018e66d0-a7f1-71de-88c0-6ccd93ac4b3a,018d3560-ae5c-721f-aefc-06a390000189
018e66cc-f855-71b0-b550-839782cadcf6,018d3560-ae5c-721f-aefc-06a390000320
018e60ad-b5dc-783e-8b89-78065f0bcfee,018d3560-ae5c-721f-aefc-06a390001433
018e66a3-f334-750b-833c-6c47f4e356ed,018d3560-ae5c-721f-aefc-06a390000476
018e66c3-4c5d-7fd2-a00f-373d590bab28,018d3560-ae5c-721f-aefc-06a390000201
018e60ad-baf1-77f1-acf7-93e7add0c245,018d3560-ae5c-721f-aefc-06a390003369
018e66b9-70f8-7f79-8947-3b5318c3a05b,018d3560-ae5c-721f-aefc-06a390000418
018e66d0-3c74-7370-ac9c-a62f30e2ea6d,018d3560-ae5c-721f-aefc-06a390002530
018e66c6-6c49-7ffe-b8d9-ee013cbffef7,018d3560-ae5c-721f-aefc-06a390000223
018e66c1-f305-7d2e-8097-bba7ea134450,018d3560-ae5c-721f-aefc-06a390000269
018e66c1-e3da-7f22-a320-4048c2e256d2,018d3560-ae5c-721f-aefc-06a390000276
018e66b2-eb06-7cd8-9c34-1cdcc0535455,018d3560-ae5c-721f-aefc-06a390000405
018e66b3-1641-7ceb-8fa6-85bb630f9757,018d3560-ae5c-721f-aefc-06a390000432
018e66c3-9712-7a96-863a-84584e6f90ee,018d3560-ae5c-721f-aefc-06a390000159
018e66cd-88c1-7aef-af47-42233ac5a4de,018d3560-ae5c-721f-aefc-06a390000386
018e66c1-77a0-7de0-a4c9-fab9a714a46f,018d3560-ae5c-721f-aefc-06a380000032
018e66cd-0c58-799c-8b1f-cae1cdc663ff,018d3560-ae5c-721f-aefc-06a390000067
018e66b8-6c61-70ca-97e4-dabb4e9b8818,018d3560-ae5c-721f-aefc-06a390000282
018e66b8-6c8b-773c-95fb-f64c8eb71ffa,018d3560-ae5c-721f-aefc-06a390000124
018e66d4-d29f-7ceb-99ed-10b85aa97ccb,018d3560-ae5c-721f-aefc-06a390000368
018e66bc-23f6-7221-a0d9-d874d0464266,018d3560-ae5c-721f-aefc-06a390000055
018e63de-4986-733b-848c-6d0952d21853,018d3560-ae5c-721f-aefc-06a390003067
018e66d5-66d0-75c5-aa7c-b8b430a73077,018d3560-ae5c-721f-aefc-06a390000425
018e66c3-6146-7c34-a9bc-97f0afae6d0f,018d3560-ae5c-721f-aefc-06a390000137
018e63de-4e9d-7b41-9ab8-43b1d56e8938,018d3560-ae5c-721f-aefc-06a390001101
018e63de-4cc7-7503-8b07-07ac8fe0f22e,018d3560-ae5c-721f-aefc-06a390001037
018e63de-4dcb-7e23-b453-221fb1b78898,018d3560-ae5c-721f-aefc-06a390001002
018e66c2-f13e-7f0d-b424-b3ace6f57613,018d3560-ae5c-721f-aefc-06a390000447
018e63de-4b37-7591-8e4a-0321b07eab98,018d3560-ae5c-721f-aefc-06a390001080
018e66cf-acfa-75e9-bb93-39a761e45f33,018d3560-ae5c-721f-aefc-06a390000210
018e66cf-6c56-7166-8be8-11a2d3c35bd3,018d3560-ae5c-721f-aefc-06a380000035
018e66c7-453d-7ed5-bf39-4ac8916ee37f,018d3560-ae5c-721f-aefc-06a390000562
018e60ad-98a4-7cb4-8de4-3670b2f6c1ef,018d3560-ae5c-721f-aefc-06a500023134
018e66c5-13b9-7239-ba08-71ae4a21ae44,018d3560-ae5c-721f-aefc-06a380000384
018e66cf-dc07-740e-bc60-2070ff4242d9,018d3560-ae5c-721f-aefc-06a390000606
018e66bf-f152-7674-be75-3c56a3d681c3,018d3560-ae5c-721f-aefc-06a380000434
018e60ad-b64c-7a34-ac7e-22e9fbe4df1c,018d3560-ae5c-721f-aefc-06a390003353
018e66c1-d7ec-759f-9182-cc385f8b8494,018d3560-ae5c-721f-aefc-06a390000729
018e66d1-0b1f-7c29-a807-20025a63b9fb,018d3560-ae5c-721f-aefc-06a390000284
018e66cc-0a66-7e86-bc59-2e547a317fcc,018d3560-ae5c-721f-aefc-06a390000208
018e66b3-02a6-747a-b7c0-3683b6f4b565,018d3560-ae5c-721f-aefc-06a390000263
018e66c2-77b1-7bbb-9d08-891e7787859d,018d3560-ae5c-721f-aefc-06a390000272
018e66cc-02a4-7f92-b5ef-cfa7483b3c75,018d3560-ae5c-721f-aefc-06a390000258
018e66c7-5526-7ad0-9710-65f693b11b7f,018d3560-ae5c-721f-aefc-06a390000285
018e66bd-2be7-79b4-b609-89d6ef602d72,018d3560-ae5c-721f-aefc-06a390000444
018e66d4-337e-744b-8152-c0b6f3ba7e5a,018d3560-ae5c-721f-aefc-06a390000835
018e66c0-ed50-7638-8095-dde54eb518d1,018d3560-ae5c-721f-aefc-06a390000775
018e66d1-1d73-7e1a-aeee-2e354f7cbc1b,018d3560-ae5c-721f-aefc-06a390000221
018e66d2-46a1-71a7-bc29-010de4688329,018d3560-ae5c-721f-aefc-06a390000433
018e66bc-23f6-7221-a0d9-d874d0464266,018d3560-ae5c-721f-aefc-06a380000055
018e66ce-efcd-7daa-931a-3221cbc8bd35,018d3560-ae5c-721f-aefc-06a390000436
018e669f-7d85-7f35-b844-887b920b29ce,018d3560-ae5c-721f-aefc-06a390000592
018e60ad-b6c1-709b-92df-9f4ece947b76,018d3560-ae5c-721f-aefc-06a390001458
018e66c9-d614-74af-81cc-a27362bd7d63,018d3560-ae5c-721f-aefc-06a390000689
018e66c3-e950-7362-b012-cc98e7209d00,018d3560-ae5c-721f-aefc-06a390000535
018e66cb-b140-7a88-b4bb-9304bc81d68b,018d3560-ae5c-721f-aefc-06a390000784
018e60ad-b725-72ce-9bc4-8020cec38b3e,018d3560-ae5c-721f-aefc-06a500015258
018e6684-c60a-755b-8f7b-7c6d69c42f59,018d3560-ae5c-721f-aefc-06a390000653
018e63de-4c4d-7753-87f1-03a645a1c7b9,018d3560-ae5c-721f-aefc-06a390003024
018e66c6-a4f9-78b3-8abe-caa12c378725,018d3560-ae5c-721f-aefc-06a390000414
018e66d4-3245-798d-be5a-5a94f4bce3e3,018d3560-ae5c-721f-aefc-06a390000609
018e66bc-b775-7260-9b35-15c797278242,018d3560-ae5c-721f-aefc-06a390000491
018e66cc-8e6c-71f2-bccf-7cca4b80c754,018d3560-ae5c-721f-aefc-06a390000681
018e66cc-a6df-7e91-8a1f-7ccd9203f30a,018d3560-ae5c-721f-aefc-06a380000029
018e60ad-b5dc-73b8-89ad-22d78c688fdc,018d3560-ae5c-721f-aefc-06a390003370
018e66cc-1e62-7006-8077-66c496ca3143,018d3560-ae5c-721f-aefc-06a390000394
018e66c0-f119-7bad-85c1-ceaf996c019e,018d3560-ae5c-721f-aefc-06a390000462
018e66d3-f879-7d31-8d74-5169da2dd942,018d3560-ae5c-721f-aefc-06a380000861
018e66c2-ed18-7297-b9ca-ba26b64f3283,018d3560-ae5c-721f-aefc-06a390000305
018e66d5-9b57-7dc2-b9ca-a032301c5a67,018d3560-ae5c-721f-aefc-06a390000312
018e66cb-bb94-7190-900d-21674f07583d,018d3560-ae5c-721f-aefc-06a390000597
018e66cd-01e3-7dd7-bb3a-efe6657c32c4,018d3560-ae5c-721f-aefc-06a390000411
018e60ac-f6e6-70b4-b272-1bccc668ab1c,018d3560-ae5c-721f-aefc-06a390001700
018e66cc-684a-73d8-a015-9159e20d3526,018d3560-ae5c-721f-aefc-06a390000429
018e66d4-8e2c-7c6e-84ad-f405c9819d57,018d3560-ae5c-721f-aefc-06a390002032
018e66c1-a4f4-783f-a090-d756b1451947,018d3560-ae5c-721f-aefc-06a390000319
018e60ad-dad1-7c0d-8b2c-f146cc7e5edf,018d3560-ae5c-721f-aefc-06a390001475
018e63de-4e67-7d1c-86d8-a4283b2cc734,018d3560-ae5c-721f-aefc-06a390001038
018e60ad-cd51-7378-afcd-9bed36c55531,018d3560-ae5c-721f-aefc-06a390001206
018e60ad-ceff-7f4d-a805-2edb464bcdea,018d3560-ae5c-721f-aefc-06a390001255
018e60ad-a0d9-7cf1-957b-396b9577fcb9,018d3560-ae5c-721f-aefc-06a390001497
018e66c8-edab-79dd-b8c8-5e115ae6bb9a,018d3560-ae5c-721f-aefc-06a380000290
018e66cb-5826-70c9-8580-e1bf0ea3814f,018d3560-ae5c-721f-aefc-06a390000682
018e60ad-dcb5-7ded-afa1-2ce306dfe742,018d3560-ae5c-721f-aefc-06a390001517
018e66c3-cbab-7abd-804f-163e7b9e2cd0,018d3560-ae5c-721f-aefc-06a390000232
018e66c3-9564-785d-aba0-11d49581f2c7,018d3560-ae5c-721f-aefc-06a390000086
018e66b9-d178-7174-8efa-4c1c0ec5a181,018d3560-ae5c-721f-aefc-06a390001969
018e66cc-cb6d-71ff-89e5-ad20e990b59f,018d3560-ae5c-721f-aefc-06a390000595
018e66c6-4c98-7792-b32f-5d6ef12cf2b4,018d3560-ae5c-721f-aefc-06a390000755
018e60ad-db8e-739e-b39e-97fcaf4272d3,018d3560-ae5c-721f-aefc-06a390001190
018e60ad-c33e-7b07-83da-c25ff93b0d0b,018d3560-ae5c-721f-aefc-06a390003337
018e66ce-cca1-76de-a0b9-89da8f5056ea,018d3560-ae5c-721f-aefc-06a390000304
018e60ad-cb88-7a0b-9d25-95b57ce5da11,018d3560-ae5c-721f-aefc-06a390001298
018e66cf-6c56-7166-8be8-11a2d3c35bd3,018d3560-ae5c-721f-aefc-06a390000035
018e6678-4aa9-765b-8e69-a13ef841d830,018d3560-ae5c-721f-aefc-06a390002753
018e60ad-d8dc-78b8-9432-9bc616773fa7,018d3560-ae5c-721f-aefc-06a390001173
018e63de-4e9a-77e9-a3b9-158f0965ce5f,018d3560-ae5c-721f-aefc-06a390000962
018e66cd-2fa1-7a66-bde4-5160c4e4cdae,018d3560-ae5c-721f-aefc-06a390000739
018e66c2-6e61-7a72-a632-f243e1bafa9d,018d3560-ae5c-721f-aefc-06a380000254
018e60ad-e1ce-76cd-8245-7d208b66f544,018d3560-ae5c-721f-aefc-06a390001220
018e66c3-8b7d-7981-8b89-440dc7d9bd8d,018d3560-ae5c-721f-aefc-06a390000358
018e66cf-5164-74d4-bc1c-85acbd083908,018d3560-ae5c-721f-aefc-06a390000509
018e66cd-9000-73bf-8d49-04250cb7ee8e,018d3560-ae5c-721f-aefc-06a390000315
018e63de-4c17-709f-afe8-98b59cea624d,018d3560-ae5c-721f-aefc-06a390001035
018e63de-4cc7-779d-ac20-ab287207b87f,018d3560-ae5c-721f-aefc-06a390000999
018e60ad-bc23-77ea-b73a-2197643e67cf,018d3560-ae5c-721f-aefc-06a390001438
018e66c7-1e72-73de-a7a2-480a9a22ec40,018d3560-ae5c-721f-aefc-06a390000697
018e60ad-c2e1-7890-89a9-3f428f8db049,018d3560-ae5c-721f-aefc-06a390001372
018e66cc-298a-7cf5-8923-77e00028e494,018d3560-ae5c-721f-aefc-06a390000280
018e60ad-b7d9-729d-bfe2-cd7f1639ccab,018d3560-ae5c-721f-aefc-06a390001344
018e63de-4ab7-7e2d-b541-23484957a7c3,018d3560-ae5c-721f-aefc-06a390001130
018e63de-4ea3-735d-8112-fa96a3243ae4,018d3560-ae5c-721f-aefc-06a390000992
018e60ad-cf64-75da-a23f-39358d8f8aaf,018d3560-ae5c-721f-aefc-06a390001212
018e66bd-85e9-7922-bd71-9b72a2ee8806,018d3560-ae5c-721f-aefc-06a390000927
018e66cb-ee51-727f-a18e-1997cf95bc9e,018d3560-ae5c-721f-aefc-06a390000905
018e60ad-d8a9-7873-aa4f-67de513ccc1d,018d3560-ae5c-721f-aefc-06a390001179
018e66b4-08e4-7f51-9e48-eb5e5f07a3ae,018d3560-ae5c-721f-aefc-06a390000792
018e66a7-82df-7988-8126-305754797b1a,018d3560-ae5c-721f-aefc-06a390002826
018e63de-4cc7-779d-ac20-ab287207b87f,018d3560-ae5c-721f-aefc-06a390002956
018e60ad-d0b1-75e7-b08c-8be8c6c64530,018d3560-ae5c-721f-aefc-06a390001202
018e66af-d940-71f7-bd12-89b438592296,018d3560-ae5c-721f-aefc-06a390000322
018e66d4-066b-7fbd-8be3-a80a277c5bec,018d3560-ae5c-721f-aefc-06a390000163
018e66c8-edab-79dd-b8c8-5e115ae6bb9a,018d3560-ae5c-721f-aefc-06a390000290
018e66cf-d15e-7f7d-9c6d-b543f6769a02,018d3560-ae5c-721f-aefc-06a390000673
018e66ba-03ed-73ea-8bfd-e64a2a822d17,018d3560-ae5c-721f-aefc-06a390000786
018e60ad-9ca4-7cec-8da1-7da017f7885b,018d3560-ae5c-721f-aefc-06a390001478
018e60ad-be02-7c8b-a5bf-c5f3f122efe8,018d3560-ae5c-721f-aefc-06a390001579
018e66d0-8831-7a48-90dd-28c5d5adedde,018d3560-ae5c-721f-aefc-06a390000746
018e60ad-d9aa-7d38-8918-65e70af541bc,018d3560-ae5c-721f-aefc-06a390001509
018e66cd-407b-7ae0-bb9e-98be51d24844,018d3560-ae5c-721f-aefc-06a390000919
018e60ad-025f-7b44-b0e1-813477807c19,018d3560-ae5c-721f-aefc-06a390001743
018e60ad-d378-70f0-92ce-f7af7427db68,018d3560-ae5c-721f-aefc-06a390001279
018e60ad-c5a3-7729-9e10-48476f4b9fb2,018d3560-ae5c-721f-aefc-06a390003317
018e63de-4c17-709f-afe8-98b59cea624d,018d3560-ae5c-721f-aefc-06a390002992
018e66c4-6afa-7654-b04c-590fc8e58624,018d3560-ae5c-721f-aefc-06a359999999
018e66c7-0c20-77e9-8643-23ebfd72a925,018d3560-ae5c-721f-aefc-06a390000257
018e66d2-6576-7da5-80e6-d720f13deebd,018d3560-ae5c-721f-aefc-06a390000897
018e66d4-6d18-77b0-9cc2-4927cb2b09d6,018d3560-ae5c-721f-aefc-06a390000037
018e66c1-2fad-7eea-91a4-8903543628ed,018d3560-ae5c-721f-aefc-06a390000738
018e66d4-8422-7445-9f38-e7a19645baf5,018d3560-ae5c-721f-aefc-06a390002485
018e63de-4ee7-77fe-a03d-3db430a938fa,018d3560-ae5c-721f-aefc-06a500014742
018e63de-4968-7524-af6c-89bd283ccd47,018d3560-ae5c-721f-aefc-06a390001099
018e66c1-3476-746a-a7e6-dc7b1688ea7a,018d3560-ae5c-721f-aefc-06a390002440
018e66c0-8bfd-7848-919e-1820012eeb98,018d3560-ae5c-721f-aefc-06a390000608
018e60ad-c500-73ce-861d-3c82e62b4d0e,018d3560-ae5c-721f-aefc-06a390003346
018e66d4-3dcb-79b0-acb2-a2650798fe4d,018d3560-ae5c-721f-aefc-06a390000636
018e66c7-a43c-71b2-ad72-6a67ccb66a1e,018d3560-ae5c-721f-aefc-06a390000644
018e63de-4b64-75c4-8f1f-c70b5aa25c63,018d3560-ae5c-721f-aefc-06a390001085
018e66b8-5d9d-79ab-afaa-37f01f6f8b1a,018d3560-ae5c-721f-aefc-06a390000842
018e66c1-ebe4-754f-9ab3-0b34f9763aac,018d3560-ae5c-721f-aefc-06a390000361
018e66ce-bb36-7a56-ac2f-943f55b329bf,018d3560-ae5c-721f-aefc-06a390000888
018e66cd-087d-7a0f-9362-e2c7610a99b6,018d3560-ae5c-721f-aefc-06a390000330
018e66cd-6433-73f2-bdd0-cd2f114a40da,018d3560-ae5c-721f-aefc-06a390000734
018e66d1-d3a1-7de6-b2f7-aef1063ae7e7,018d3560-ae5c-721f-aefc-06a390000662
018e60ad-c69a-7dec-a95b-b1478c4a92bb,018d3560-ae5c-721f-aefc-06a390001238
018e60ad-c9a9-7bb0-8916-15d5ac482abb,018d3560-ae5c-721f-aefc-06a390001223
018e66c2-df4a-7ec7-a49b-f93e73473742,018d3560-ae5c-721f-aefc-06a390000484
018e66d4-ea8c-77e5-bca6-caa3bb7ecb6a,018d3560-ae5c-721f-aefc-06a390000780
018e66d5-5894-793f-b429-c8d44e96a402,018d3560-ae5c-721f-aefc-06a390000857
018e66cc-8e6c-71f2-bccf-7cca4b80c754,018d3560-ae5c-721f-aefc-06a500051564
018e63de-4a27-7a96-ada8-93ca1509ad37,018d3560-ae5c-721f-aefc-06a390001165
018e63de-4eb5-7cb4-aeb2-f15d03a46d9d,018d3560-ae5c-721f-aefc-06a390000968
018e66d5-7339-7223-96a5-3480d0031146,018d3560-ae5c-721f-aefc-06a390002506
018e66c0-2b83-7898-8d13-30adcd632316,018d3560-ae5c-721f-aefc-06a390000912
018e66ca-9e11-76c0-bf5e-2dd48a3bbd1b,018d3560-ae5c-721f-aefc-06a390000547
018e66c2-a690-7e30-a68a-843a25398bfc,018d3560-ae5c-721f-aefc-06a390000847
018e63de-4d4d-78a5-ac42-bbf436b64a7e,018d3560-ae5c-721f-aefc-06a390001091
018e66c7-0c20-77e9-8643-23ebfd72a925,018d3560-ae5c-721f-aefc-06a390002214
018e60ad-c11b-730c-a605-d1a84253c9d4,018d3560-ae5c-721f-aefc-06a390003341
018e66c1-3476-746a-a7e6-dc7b1688ea7a,018d3560-ae5c-721f-aefc-06a390000483
018e66ce-eef0-7d07-a1b4-bb3a53e0ebf3,018d3560-ae5c-721f-aefc-06a390000932
018e66c5-4677-7192-a0e3-94c1147b6ded,018d3560-ae5c-721f-aefc-06a390000338
018e66c3-9d53-7e59-af88-f80f46e1c430,018d3560-ae5c-721f-aefc-06a390000199
018e63de-4eb4-7c39-a326-bde7922376eb,018d3560-ae5c-721f-aefc-06a390001098
018e60ad-dcb5-7737-89c1-85e5a500f4e5,018d3560-ae5c-721f-aefc-06a390001251
018e60ad-c537-7d41-9a53-de4f6914e02d,018d3560-ae5c-721f-aefc-06a390001378
018e66c4-5c4b-72ef-97b1-5f4943283feb,018d3560-ae5c-721f-aefc-06a390000162
018e66ca-cb72-7822-9a7a-5d5b84693ff8,018d3560-ae5c-721f-aefc-06a390000191
018e66c1-0d3e-74bc-90ae-d22741c9778d,018d3560-ae5c-721f-aefc-06a390000331
018e66ac-b0b1-720d-9cd1-e5eaa0aecb4d,018d3560-ae5c-721f-aefc-06a390000611
018e66c8-60cb-78b1-8e52-a800fd699bc6,018d3560-ae5c-721f-aefc-06a390001964
018e66ce-2020-7c10-afe4-cd5fb682c6b1,018d3560-ae5c-721f-aefc-06a390000577
018e60ad-9085-798d-a57d-874ca6ae8c91,018d3560-ae5c-721f-aefc-06a390001660
018e66c7-aaff-7e52-b422-4467dd3b22cc,018d3560-ae5c-721f-aefc-06a390000342
018e6081-2ce0-74e4-897b-7be44a0506ae,018d3560-ae5c-721f-aefc-06a500025408
018e66c6-17be-726a-9711-c8c72ab1f9cf,018d3560-ae5c-721f-aefc-06a390000339
018e6680-30fb-72a8-ac00-036901344ba8,018d3560-ae5c-721f-aefc-06a390000152
018e66cf-9648-7325-b669-4d9c219d6bbb,018d3560-ae5c-721f-aefc-06a390000104
018e66cb-72ba-7bba-9f6d-2f2d7f570229,018d3560-ae5c-721f-aefc-06a390000378
018e66c1-5284-72ce-be49-bbe785cc19a0,018d3560-ae5c-721f-aefc-06a390000909
018e63de-4c3c-7f42-a310-1697dcc9b165,018d3560-ae5c-721f-aefc-06a390001041
018e66cd-1d03-7454-a828-a5559c27ce2f,018d3560-ae5c-721f-aefc-06a390000511
018e66c6-505d-70ff-993c-5e8c0d0e032b,018d3560-ae5c-721f-aefc-06a390000942
018e66b8-ebad-77b5-b785-1d4eb96c63ac,018d3560-ae5c-721f-aefc-06a390000749
018e66cf-838e-73cd-a990-989bd53c660c,018d3560-ae5c-721f-aefc-06a390000878
018e66cb-45a0-719f-9527-2a318bcff232,018d3560-ae5c-721f-aefc-06a390000800
018e66bd-4875-7335-8212-c25e8209a5f6,018d3560-ae5c-721f-aefc-06a390000079
018e60ad-c186-7ae7-bfc9-ff7ecb0f96f1,018d3560-ae5c-721f-aefc-06a390001418
018e6678-4aa9-765b-8e69-a13ef841d830,018d3560-ae5c-721f-aefc-06a390000796
018e66c7-3b51-7ddb-97a7-8c549e11f6ab,018d3560-ae5c-721f-aefc-06a390000090
018e66c4-98e8-7ad8-9a50-f081dce26cd4,018d3560-ae5c-721f-aefc-06a390000494
018e66cc-3710-720b-8b17-b25bcef58291,018d3560-ae5c-721f-aefc-06a390000395
018e66b7-0c44-76d8-a79e-9dd4e75d0e61,018d3560-ae5c-721f-aefc-06a390000931
018e66d3-5da7-768d-af1a-fb4915614595,018d3560-ae5c-721f-aefc-06a390000680
018e66d5-bb3c-7ccb-9cec-50d36993202c,018d3560-ae5c-721f-aefc-06a390000135
018e66d3-9ecc-7243-8c4d-8478c407c790,018d3560-ae5c-721f-aefc-06a390000627
018e66ac-524c-720c-97ff-3d394c70507b,018d3560-ae5c-721f-aefc-06a390000915
018e66c7-258c-70bd-8ef9-cc68fd5c9cc6,018d3560-ae5c-721f-aefc-06a390000132
018e66d5-bb1b-7be6-9696-8a59a2d87c02,018d3560-ae5c-721f-aefc-06a390000594
018e66b7-ed1a-77f7-af65-603ee7c9087d,018d3560-ae5c-721f-aefc-06a390000156
018e66d4-37d1-7be2-b583-f42bf960511c,018d3560-ae5c-721f-aefc-06a390000176
018e66d0-2649-7f05-981d-c52768cb1d69,018d3560-ae5c-721f-aefc-06a390000196
018e66d3-57fe-77a8-8291-190c107a80a1,018d3560-ae5c-721f-aefc-06a390000190
018e66ae-4d2e-7726-afac-8a17d303bf00,018d3560-ae5c-721f-aefc-06a390000423
018e66cf-58a0-7181-81be-582eac9145ad,018d3560-ae5c-721f-aefc-06a390000431
018e63de-4cc7-729b-a498-91c66cc85105,018d3560-ae5c-721f-aefc-06a390000991
018e66cd-b510-777a-8351-1c795d0be200,018d3560-ae5c-721f-aefc-06a390000316
018e66b3-40d7-7f29-8e3e-ecb9b1fccce0,018d3560-ae5c-721f-aefc-06a390000329
018e66cf-780f-761f-a56a-943ed85148b7,018d3560-ae5c-721f-aefc-06a390000486
018e66d4-1933-7986-844f-11169bcdaa7b,018d3560-ae5c-721f-aefc-06a390000415
018e66c2-9721-76a8-a4e8-6d7bee399639,018d3560-ae5c-721f-aefc-06a390002891
018e66c5-917e-747c-8b71-c5fbde1331fa,018d3560-ae5c-721f-aefc-06a390000115
018e66c5-0363-7bdf-80f8-b40981f3a7ca,018d3560-ae5c-721f-aefc-06a390000154
018e60ad-c634-7841-9a22-47808807e252,018d3560-ae5c-721f-aefc-06a390001404
018e66cc-fa23-72b1-a379-3e677b69149e,018d3560-ae5c-721f-aefc-06a390000225
018e66cf-2893-7109-8302-2138e5fa04f0,018d3560-ae5c-721f-aefc-06a390000195
018e66c3-fd0b-7139-80aa-34550646b2c6,018d3560-ae5c-721f-aefc-06a390000179
018e63de-4ad8-717e-872f-eb4bc8539f79,018d3560-ae5c-721f-aefc-06a390003011
018e66c9-b163-7063-adfb-2cc13be3d9b8,018d3560-ae5c-721f-aefc-06a390000346
018e60ad-97c6-790f-9d4e-49d3170c7f71,018d3560-ae5c-721f-aefc-06a390001611
018e63de-48f6-720c-8f2d-0cd4d3b29fe4,018d3560-ae5c-721f-aefc-06a390001057
018e60ad-c634-7841-9a22-47808807e252,018d3560-ae5c-721f-aefc-06a390003361
018e60ad-e2b5-7c8e-9db5-ed8455378165,018d3560-ae5c-721f-aefc-06a390003239
018e60ad-bd50-79e2-9869-cb0dd283af4b,018d3560-ae5c-721f-aefc-06a390003192
018e60ad-b900-7dbc-a71d-bf8f6746f8a0,018d3560-ae5c-721f-aefc-06a390001258
018e66c4-6afa-7654-b04c-590fc8e58624,018d3560-ae5c-721f-aefc-06a359999998
018e60a1-16ae-73ca-92ee-d3f21dcb5a4d,018d3560-ae5c-721f-aefc-06a390001783
018e66cc-96c6-7855-b2ca-0a3ba1d572fc,018d3560-ae5c-721f-aefc-06a390000001
018e66d1-3e69-75f8-ae77-f72fb5d6b551,018d3560-ae5c-721f-aefc-06a390000052
018e66c3-24c5-7a2f-b1c0-1a99e4457e27,018d3560-ae5c-721f-aefc-06a390002750
018e66cf-0c31-788a-b626-53bef357219c,018d3560-ae5c-721f-aefc-06a390000089
018e63de-4af8-7151-9550-c923558bc345,018d3560-ae5c-721f-aefc-06a390003071
018e63de-4a8a-7b99-b212-55eeed3a2419,018d3560-ae5c-721f-aefc-06a390003036
018e63de-4d42-7a9b-ae89-f2a375373390,018d3560-ae5c-721f-aefc-06a390002975
018e60ad-b176-76ca-9f31-c09727c71b82,018d3560-ae5c-721f-aefc-06a390001473
018e60ad-bda1-7806-a623-5719837f1d54,018d3560-ae5c-721f-aefc-06a390003356
018e66cf-c8e0-7ce6-bf38-ce6014808124,018d3560-ae5c-721f-aefc-06a390002645
018e66c4-6afa-7654-b04c-590fc8e58624,018d3560-ae5c-721f-aefc-06a369999999
018e66c9-e3b9-77b6-acd9-8bb056aaaf3e,018d3560-ae5c-721f-aefc-06a390002522
018e63de-4e42-7c68-8a1f-1e476d92e127,018d3560-ae5c-721f-aefc-06a390002931
018e63de-4f2c-71d9-832e-afb899bd4914,018d3560-ae5c-721f-aefc-06a390002983
018e60ad-d5e6-7999-bf03-c4ff767223ec,018d3560-ae5c-721f-aefc-06a390003357
018e66cd-d16f-72a6-958a-30f7d173aacd,018d3560-ae5c-721f-aefc-06a500030226
018e66cb-a213-7bb5-865d-bad890edf27c,018d3560-ae5c-721f-aefc-06a390000044
018e66d2-6c45-7c94-9b5c-deb3a0bce79e,018d3560-ae5c-721f-aefc-06a390000193
018e60ad-b266-7272-91a1-5fb12f1cd75e,018d3560-ae5c-721f-aefc-06a390003358
018e66ce-5bef-709b-936a-c5bc27c3c0a0,018d3560-ae5c-721f-aefc-06a390000853
018e66d0-6d60-7417-94d4-52538d73418a,018d3560-ae5c-721f-aefc-06a390000426
018e6681-16a9-719a-b578-2dbedbc3a690,018d3560-ae5c-721f-aefc-06a390000455
018e63de-49fc-7b44-9bb6-f5100085a94f,018d3560-ae5c-721f-aefc-06a390001117
018e60ac-f976-7821-9d2d-7500e4adf0c7,018d3560-ae5c-721f-aefc-06a390001713
018e66d2-7967-786a-93f2-4e2410709939,018d3560-ae5c-721f-aefc-06a390001978
018e66cd-5b08-7ca0-af84-1c21f871c142,018d3560-ae5c-721f-aefc-06a390000641
018e60ad-0140-7a57-aea6-4903b594b5f7,018d3560-ae5c-721f-aefc-06a390001699
018e63de-4e55-72d5-8af9-c959419f7228,018d3560-ae5c-721f-aefc-06a390002955
018e66d3-c46c-7240-a9a2-f67a44a6cc59,018d3560-ae5c-721f-aefc-06a390002476
018e66c3-be81-7a83-9342-10ec5f8b7ad8,018d3560-ae5c-721f-aefc-06a390000933
018e66c8-5fc5-700a-a3b2-2031aa0ad0ac,018d3560-ae5c-721f-aefc-06a390000056
018e66d0-98cb-79d5-b50c-f38868f26d39,018d3560-ae5c-721f-aefc-06a390000088
018e66bd-23e7-7d23-afa9-cfe08bea8805,018d3560-ae5c-721f-aefc-06a390000078
018e66cd-395e-7336-9d95-24d25264a3d0,018d3560-ae5c-721f-aefc-06a500043554
018e66c3-8a9e-78ae-bb5c-e9c37b1fbccb,018d3560-ae5c-721f-aefc-06a390000445
018e66cd-ac69-74b8-8bd0-b20fcbaa26c7,018d3560-ae5c-721f-aefc-06a390000719
018e66c3-027e-7b6b-b472-fa2e93469f4e,018d3560-ae5c-721f-aefc-06a390000555
018e66c6-581b-79d3-b838-b49cf1e2e820,018d3560-ae5c-721f-aefc-06a390000894
018e66c8-5642-763f-ab44-f0848c19cb6e,018d3560-ae5c-721f-aefc-06a390000560
018e66c3-8a2f-7738-97b7-bf3c040574f0,018d3560-ae5c-721f-aefc-06a390000830
018e66c3-63b6-7b71-90f1-fcf02ccd26a5,018d3560-ae5c-721f-aefc-06a390000450
018e66c2-cb5f-7916-80d6-3d2ec8eef016,018d3560-ae5c-721f-aefc-06a390000944
018e66cc-cd80-7e84-a574-02941ce05e1f,018d3560-ae5c-721f-aefc-06a390000677
018e66cc-41f0-77be-acea-2466d3a2fef9,018d3560-ae5c-721f-aefc-06a390000694
018e66b8-3b31-7502-9b25-1972b9f45067,018d3560-ae5c-721f-aefc-06a390000581
018e66af-f9fe-7655-9b73-5c85adec6e60,018d3560-ae5c-721f-aefc-06a390000744
018e66cc-65eb-75d8-a331-ddbde10e9af7,018d3560-ae5c-721f-aefc-06a390000313
018e66d3-d52d-7cc1-aa93-d49b55bf47fa,018d3560-ae5c-721f-aefc-06a390000789
018e66b6-f1b6-7635-9ede-988144f4e386,018d3560-ae5c-721f-aefc-06a390000663
018e66b8-c251-7ea6-956d-3f4226f26a8f,018d3560-ae5c-721f-aefc-06a390000497
018e66d3-cc08-78a1-9d57-1c7d5e38fb3f,018d3560-ae5c-721f-aefc-06a390000561
018e66d2-7a53-77e8-aafd-9e515a35731a,018d3560-ae5c-721f-aefc-06a390000369
018e60a0-fe80-7b92-a290-99ca7ab09c50,018d3560-ae5c-721f-aefc-06a390001863
018e66cd-9a8d-73e0-af65-91bf5a03f70a,018d3560-ae5c-721f-aefc-06a390000790
018e60ad-de29-7104-96fb-7392090a9dec,018d3560-ae5c-721f-aefc-06a390001446
018e60ad-bce5-7ee4-82c2-d5b6997ff14a,018d3560-ae5c-721f-aefc-06a390003362
018e66c3-ae3b-722f-91b3-2c583fbb3182,018d3560-ae5c-721f-aefc-06a390000538
018e66c4-b861-7cfa-aba8-54c55e1339eb,018d3560-ae5c-721f-aefc-06a390000706
018e63de-4cb4-7fd9-aa6e-25b3e506dd26,018d3560-ae5c-721f-aefc-06a390001076
018e66c5-baa3-7d9a-96f7-a16507716626,018d3560-ae5c-721f-aefc-06a390000359
018e63de-4ee4-78b0-b909-7d0370f67c0b,018d3560-ae5c-721f-aefc-06a390001017
018e66c6-a291-7fa9-bd07-afb7de32b90a,018d3560-ae5c-721f-aefc-06a390000926
018e60a1-08db-7167-bb98-a4c38c08d14f,018d3560-ae5c-721f-aefc-06a390001820
018e66bb-08f3-75bc-a64d-5b3dd0a7c4a4,018d3560-ae5c-721f-aefc-06a390000903
018e63de-4bca-7169-8f68-c70afbc9a603,018d3560-ae5c-721f-aefc-06a390000986
018e63de-4d8a-7023-bc51-8305b641bed6,018d3560-ae5c-721f-aefc-06a390001107
018e66b7-da80-7eec-a0dd-1364a5ad7515,018d3560-ae5c-721f-aefc-06a390000871
018e66cb-bdec-7602-8c9c-d3c81f5bed99,018d3560-ae5c-721f-aefc-06a390000298
018e60ad-98a4-7cb4-8de4-3670b2f6c1ef,018d3560-ae5c-721f-aefc-06a500027048
018e66ae-51b0-7814-8656-627bba5bb476,018d3560-ae5c-721f-aefc-06a390000554
018e66cc-1407-7520-b786-ffbf9a0d019a,018d3560-ae5c-721f-aefc-06a390000833
018e66d0-6f9b-7436-a5da-5b34f0d6b3b3,018d3560-ae5c-721f-aefc-06a390000741
018e60ad-c2d7-71a3-8a3a-f36fdcedc337,018d3560-ae5c-721f-aefc-06a390003340
018e60ad-c9d4-7e8e-835a-e607ba06ee93,018d3560-ae5c-721f-aefc-06a390001449
018e66cd-d2db-71ef-a29a-ae5f497632fd,018d3560-ae5c-721f-aefc-06a390000628
018e66cd-cd56-79c6-b676-a77288943e39,018d3560-ae5c-721f-aefc-06a390000558
018e66d2-3acf-7667-8f55-b4efb3faa15a,018d3560-ae5c-721f-aefc-06a390000812
018e60ad-e25d-73cd-8c3f-790ef0e71289,018d3560-ae5c-721f-aefc-06a390003131
018e66cb-f854-75cb-b6f4-ef937d0a0cdb,018d3560-ae5c-721f-aefc-06a390000661
018e66d1-0b8c-74e3-85c1-42d03caad1e9,018d3560-ae5c-721f-aefc-06a390000364
018e66c3-937d-738b-8697-e299e41fa835,018d3560-ae5c-721f-aefc-06a390000588
018e66ac-d0a6-76d6-851b-7fb903372e17,018d3560-ae5c-721f-aefc-06a390000693
018e66cd-885b-7ff4-9ccc-379b624fc45d,018d3560-ae5c-721f-aefc-06a390000468
018e667b-f704-7291-bc42-5b0a25179932,018d3560-ae5c-721f-aefc-06a390000647
018e66cb-94f0-7062-86d3-e3baf23403db,018d3560-ae5c-721f-aefc-06a390000125
018e66a9-25ab-7c0f-acc4-5bb794b6cdbe,018d3560-ae5c-721f-aefc-06a380000571
018e66d4-471f-7ad4-a1d2-2965be8210dd,018d3560-ae5c-721f-aefc-06a390000174
018e66c6-7cc5-7f0c-ab98-f5cf73fb1b36,018d3560-ae5c-721f-aefc-06a390000540
018e66c6-c286-7708-983c-2fc4e760daf7,018d3560-ae5c-721f-aefc-06a390000169
018e66cd-46a8-7d14-9dbd-e742929d5d86,018d3560-ae5c-721f-aefc-06a390000256
018e66b6-aa49-793f-a862-76fb3408caea,018d3560-ae5c-721f-aefc-06a390000230
018e66d5-1300-703a-84a7-ac9e648fdb8a,018d3560-ae5c-721f-aefc-06a390000379
018e63de-48a0-7adc-b5b2-66cfa903729f,018d3560-ae5c-721f-aefc-06a390001123
018e66d4-d433-70be-9614-b2ead19fb9aa,018d3560-ae5c-721f-aefc-06a390000356
018e669f-18a7-7a5a-8e35-67bba9d33c49,018d3560-ae5c-721f-aefc-06a390000457
018e60ad-c4ce-700e-b2a1-3a8f74cf07b5,018d3560-ae5c-721f-aefc-06a390001271
018e66c5-3177-7181-87f1-7f99a19ce029,018d3560-ae5c-721f-aefc-06a390000116
018e66c3-b986-7a55-b8f5-6504b9297fb4,018d3560-ae5c-721f-aefc-06a390000237
018e6685-a946-718f-b941-91b6be699863,018d3560-ae5c-721f-aefc-06a390000085
018e66cf-aad5-7a91-a623-7a1e424d0c18,018d3560-ae5c-721f-aefc-06a390000530
018e6696-9e8e-7929-bf97-7d7d4f10e9e6,018d3560-ae5c-721f-aefc-06a390000440
018e66ce-6e32-78f0-81ff-36406d072f93,018d3560-ae5c-721f-aefc-06a390000858
018e66cb-f331-7ab2-bf2a-73295468b429,018d3560-ae5c-721f-aefc-06a390000126
018e66bf-ea42-7c69-94e2-2396817aa510,018d3560-ae5c-721f-aefc-06a390000235
018e66d3-43d6-75c7-bb12-b122f3620071,018d3560-ae5c-721f-aefc-06a390000182
018e66c6-2848-74a5-b77e-07e290e19109,018d3560-ae5c-721f-aefc-06a390000375
018e66cc-2a87-7a72-b645-8cea074c3f28,018d3560-ae5c-721f-aefc-06a390000600
018e60ad-90fe-78b5-b1ab-a22433966524,018d3560-ae5c-721f-aefc-06a390001619
018e66c2-9fd2-7d2a-b7b2-2d0d85f2c685,018d3560-ae5c-721f-aefc-06a390000349
018e60ad-c14d-7c3b-a7bc-9f140de818fa,018d3560-ae5c-721f-aefc-06a390001487
018e66c5-6b34-7564-8e30-3409331b5fcb,018d3560-ae5c-721f-aefc-06a390000482
018e66cf-6d2a-7367-9c5c-06ee27667d2f,018d3560-ae5c-721f-aefc-06a390000721
018e66b9-0e94-74d3-bd9c-7a7ec52db42d,018d3560-ae5c-721f-aefc-06a390000293
018e60ad-beeb-7258-ae70-ab180a490020,018d3560-ae5c-721f-aefc-06a390003374
018e66cd-6ed7-7d51-baed-f93fc2362dd8,018d3560-ae5c-721f-aefc-06a390000475
018e66cc-7a87-7974-a53d-7fa8697a8c7e,018d3560-ae5c-721f-aefc-06a390000849
018e60ad-cb80-72df-9cc3-0a4a9aafc2a8,018d3560-ae5c-721f-aefc-06a390001222
018e60ad-c346-771a-b75c-c8f996914b6c,018d3560-ae5c-721f-aefc-06a390003535
018e66c2-b418-749f-892e-e382a62ee780,018d3560-ae5c-721f-aefc-06a390000941
018e63de-4c8d-71fa-8dba-f5d114d60d99,018d3560-ae5c-721f-aefc-06a390001053
018e66d0-95c3-7c57-ace2-7976da9a2c4b,018d3560-ae5c-721f-aefc-06a390000177
018e66ce-70e6-7fd6-b237-a70afe6be965,018d3560-ae5c-721f-aefc-06a390000665
018e66d4-7e81-7061-afda-d41382a80c1e,018d3560-ae5c-721f-aefc-06a390000149
018e66b6-9037-755a-9d6d-4fa6f26e69e5,018d3560-ae5c-721f-aefc-06a390000325
018e66cf-8290-7617-ae0f-688c6a35f3b3,018d3560-ae5c-721f-aefc-06a390000616
018e6082-423f-7608-96ca-c44a9ae214a7,018d3560-ae5c-721f-aefc-06a390001918
018e66b8-4551-7934-b993-7a71fb94a9d8,018d3560-ae5c-721f-aefc-06a390000175
018e60ad-cdcb-721d-8e14-a94fadce8974,018d3560-ae5c-721f-aefc-06a390001328
018e66c4-19ba-7f88-ac52-9056ea491b0f,018d3560-ae5c-721f-aefc-06a390000668
018e66d4-326d-7fda-b3c1-71331ac40380,018d3560-ae5c-721f-aefc-06a390000401
018e66cf-06c4-70b7-9206-5ed8b6863090,018d3560-ae5c-721f-aefc-06a390000093
018e66cc-1db3-7b1b-a0df-78cede194288,018d3560-ae5c-721f-aefc-06a390000333
018e66bd-4708-7da2-ad26-229207177919,018d3560-ae5c-721f-aefc-06a390000603
018e63de-442f-7981-8887-d5143ca8ae95,018d3560-ae5c-721f-aefc-06a390001159
018e60ad-007c-7637-b39f-8fb0679296fa,018d3560-ae5c-721f-aefc-06a390001689
018e66b2-a744-77fb-a33f-02d6880d0574,018d3560-ae5c-721f-aefc-06a390000390
018e66bd-14dc-7fe6-bd88-14370133738b,018d3560-ae5c-721f-aefc-06a390000215
018e66cd-87c7-7db2-89a0-c4e14051eb3d,018d3560-ae5c-721f-aefc-06a390000515
018e66c7-5802-7010-b513-6816e8329799,018d3560-ae5c-721f-aefc-06a390000885
018e66cc-c964-7536-9dd2-a563a996b2f4,018d3560-ae5c-721f-aefc-06a390000839
018e60ad-aff2-791a-be7b-a24c39a81897,018d3560-ae5c-721f-aefc-06a390001429
018e66ca-3a52-7adf-b585-d94d6471aa88,018d3560-ae5c-721f-aefc-06a390000758
018e60ad-cabb-741c-a97f-13327b339c05,018d3560-ae5c-721f-aefc-06a390003334
018e66c8-62d5-7b27-affb-2e6f44b593c5,018d3560-ae5c-721f-aefc-06a390000633
018e60ad-d47c-7304-a479-f86cbb3429e1,018d3560-ae5c-721f-aefc-06a390001304
018e63de-4d42-7a9b-ae89-f2a375373390,018d3560-ae5c-721f-aefc-06a390001018
018e66d5-b775-7078-b4f6-17f9f9885e28,018d3560-ae5c-721f-aefc-06a390000503
018e66bf-4150-738a-b785-eeceb652801b,018d3560-ae5c-721f-aefc-06a390000604
018e66c5-af1a-7f68-a11f-e2af5e3f90b7,018d3560-ae5c-721f-aefc-06a390002297
018e66c1-c247-7858-8b96-a80993b785d9,018d3560-ae5c-721f-aefc-06a390000408
018e63de-48f6-7f4a-b02b-28e4263bbcab,018d3560-ae5c-721f-aefc-06a390001154
018e60ad-b681-79af-bfd0-031586672f3c,018d3560-ae5c-721f-aefc-06a390001408
018e66bf-56f7-76fb-afeb-5c2b28bb4f10,018d3560-ae5c-721f-aefc-06a390000829
018e66c5-af1a-7f68-a11f-e2af5e3f90b7,018d3560-ae5c-721f-aefc-06a390000340
018e66cc-587c-73a0-b394-17c590901467,018d3560-ae5c-721f-aefc-06a390000211
018e66c1-5c03-7078-b14b-6302d805f60b,018d3560-ae5c-721f-aefc-06a390000584
018e66c1-c108-774d-a738-8a41ab46fca3,018d3560-ae5c-721f-aefc-06a390002177
018e66cc-97c3-7206-825e-597a24ae37d3,018d3560-ae5c-721f-aefc-06a390000818
018e60ad-00ad-753c-bb1b-cb62de9e202b,018d3560-ae5c-721f-aefc-06a390001675
018e6685-a946-718f-b941-91b6be699863,018d3560-ae5c-721f-aefc-06a390002042
018e60ad-b778-764c-b621-eb1217ad55e5,018d3560-ae5c-721f-aefc-06a390001444
018e60ad-9c9b-7054-8912-02f193cb560a,018d3560-ae5c-721f-aefc-06a390001622
018e60ad-d4af-7384-b7b6-b28d99d43876,018d3560-ae5c-721f-aefc-06a390001415
018e60a1-0e42-7654-b064-b5a6e8cd3395,018d3560-ae5c-721f-aefc-06a390001822
018e63de-4ab2-7b51-a9bf-d76b7bae0554,018d3560-ae5c-721f-aefc-06a390001157
018e66c2-0f55-7212-9021-a48da36b7e11,018d3560-ae5c-721f-aefc-06a390002142
018e60ad-b959-7122-b9f1-c1dc38c34d04,018d3560-ae5c-721f-aefc-06a390003377
018e66cc-96c6-7855-b2ca-0a3ba1d572fc,018d3560-ae5c-721f-aefc-06a390001958
018e60ad-dad1-7c0d-8b2c-f146cc7e5edf,018d3560-ae5c-721f-aefc-06a500030831
018e60ad-b681-79af-bfd0-031586672f3c,018d3560-ae5c-721f-aefc-06a390003365
018e66c4-9543-7a10-a06f-e43e30691cac,018d3560-ae5c-721f-aefc-06a390000173
018e66bb-5028-7998-9432-5c376132290f,018d3560-ae5c-721f-aefc-06a390000393
018e63de-4ed9-79b2-be99-185b59af04d5,018d3560-ae5c-721f-aefc-06a380000997
018e66b3-aa1f-793c-bbbe-7aa9dc38f59d,018d3560-ae5c-721f-aefc-06a390000778
018e66d2-7967-786a-93f2-4e2410709939,018d3560-ae5c-721f-aefc-06a390000021
018e63de-48a0-70cc-bf5c-7391c818bfd1,018d3560-ae5c-721f-aefc-06a500024635
018e66d0-2649-7f05-981d-c52768cb1d69,018d3560-ae5c-721f-aefc-06a390002153
018e66ca-1339-7fd9-b3c6-a3a9d549f9a3,018d3560-ae5c-721f-aefc-06a390000324
018e60ad-cdc4-7c45-a19d-c7ff2cd2ae78,018d3560-ae5c-721f-aefc-06a390001194
