018e6080-6cd8-7208-b0ff-80474850f01d,+601100000008
018e6080-6cd8-7b32-a5fe-ab8b5d06cbc2,+601100000004
018e5106-ed5a-7898-bb0d-40aac057b861,+60125374885
018e6080-6cd8-7854-934a-29fc1f032826,+601100000000
018e6080-6cd8-740f-995f-61d5ea5a30bd,+601100000003
018e6080-6cd8-7d21-9e96-3040a442e3a0,+601100000007
018e59d5-f84c-71bf-8eef-9bed991bdec7,+60165074286
018e6080-6cd8-7784-9c44-ffbcb6f2e3db,+601100000001
018e6080-6cd8-74e6-af3d-c6f0780ccb52,+601100000002
018e6080-6cd8-7827-bcf0-f12500622e40,+601100000006
018e5af4-9609-7084-9178-977698fcfe5e,+601111231151
018e6080-6fff-7e61-ae61-0ac4cf682913,+601100000010
018e5b12-85df-7732-9157-2edef2e02c7d,+60166769741
018e6081-2cd7-760b-90df-6f736cfd9b6a,+601100000014
018e4116-7631-7c3b-9be8-e3ad93244524,+60179839636
018e50de-caa1-7ca7-bc0c-aca887451218,+60122139706
018e5b30-76a2-7eae-9d34-26c5e372738c,+601123532538
018e5fb6-e8e0-7ef8-93b5-3ffd45ab7cf3,+60122312883
018e5fef-da79-71ab-862e-833b3361e729,+60138873210
018e5fef-f362-78b1-b4ad-ac3dc644c921,+60138873211
018e6080-6cd8-7194-805b-08975170e732,+601100000005
018e4f9a-08d0-7fa2-9d10-053133a9e5c4,+60123276526
018e6080-6cd8-79e7-9500-0140b353f7e6,+601100000009
018e4fc3-b739-711d-9575-2d3b3930797c,+60122432638
018e4f9d-46b9-7812-8c2b-501a402b30fb,+60163186242
018e6081-2cd7-75f3-aaee-38a711ad76f8,+601100000013
018e50c2-98ce-7ef2-b051-04a1b146b603,+60146673513
018e6081-2cd7-7d03-b858-fa80eca72dcf,+601100000012
018e50ec-2be0-7758-a761-5f3f928cd136,+60183720957
018e6081-2cdf-7ed7-be44-23202a929ed9,+601100000016
018e6081-2cd7-7ee3-acba-7470d4ebca16,+601100000011
018e6081-2ce0-74e4-897b-7be44a0506ae,+601100000019
018e6081-2cdf-72c6-b740-b11fae85c62f,+601100000015
018e6081-2ce0-7062-9c53-2a74515b851b,+601100000017
018e6081-2ce0-7477-86b3-ebf2dd26e2f1,+601100000018
018e63de-7d43-727e-ac5b-3c7f445b9fcb,+601100003090
018e63de-7d47-7280-b420-c2cebd5b0747,+601100003091
018e63de-7d5d-7912-b8ba-824dd3d69fa3,+601100003095
018e63de-8fdd-7cc4-af47-aaab1fb269d0,+601100004189
018e63de-8fe3-74f1-8559-c89d5a46f2f7,+601100004193
018e63de-9020-75e5-a968-1fbf45e0bdf2,+601100004207
018e63de-9093-7773-8393-26cc2e5121ad,+601100004238
018e63de-90c7-76f7-b322-d52afde48734,+601100004248
018e63de-90ed-7dea-bb4d-c87aaab92b63,+601100004255
018e63de-90f8-78ff-9f73-df2645c9c422,+601100004260
018e63de-911f-7652-a7b3-e67822d9ac34,+601100004269
018e63de-9129-7b88-b5ba-eafd8ce34b90,+601100004271
018e63de-913a-780f-8d37-a3f215f51c01,+601100004275
018e63de-92c3-7615-8bd6-e41e8e045204,+601100004370
018e63de-92ee-7eb0-b89f-52ca934572ee,+601100004379
018e63de-9344-711f-8cfe-ff6b5a290b12,+601100004405
018e63de-9344-7b45-ac06-814e7155dcee,+601100004404
018e63de-936b-78bc-85cc-ef8499a121c4,+601100004413
018e63de-d7f7-7bee-bd27-a7ab963f536c,+601100008441
018e63de-d7f4-7c55-8746-1a41731799d2,+601100008439
018e63de-d817-7e5d-a937-92c836ad9b70,+601100008449
018e63de-d828-736f-b0c5-de881a736548,+601100008453
018e63de-d843-7e75-b349-7e787d5c05a4,+601100008460
018e6081-2cdf-7036-a018-e0574f003e08,+601100000020
018e6082-41bd-704f-aefb-c76281e17e73,+601100000022
018e6082-423f-7608-96ca-c44a9ae214a7,+601100000023
018e6082-413c-7762-9177-b359a4ea33c9,+601100000021
018e6082-42bc-7398-b140-fae50fa63b5d,+601100000024
018e6082-433a-7938-9495-c59bd57ebe2d,+601100000025
018e6082-4427-732b-bd53-65c605d94361,+601100000027
018e6082-4498-7dc0-b33e-49a306574bc4,+601100000028
018e6082-4591-7dd5-8a39-407584ec3728,+601100000030
018e63de-59b8-7fb9-a837-ce6106e96bd4,+601100001511
018e63de-5c52-7aed-9128-6deb583db284,+601100001582
018e63de-5c68-7b5e-abe3-7d74bea89a25,+601100001588
018e63de-5cf8-7cd4-8305-ca59b054c5e8,+601100001602
018e63de-5d20-7a6d-933a-e903628c4b0c,+601100001605
018e63de-5d85-7741-a50e-d32617dbe023,+601100001620
018e63de-5d79-709c-92fa-acfccf8d85c5,+601100001617
018e63de-5da8-793c-a6f7-5381749bcb05,+601100001623
018e63de-5da8-7d63-84e7-5c65ba73bbdf,+601100001624
018e63de-5e1b-7839-967b-8be4f5d888b5,+601100001637
018e63de-5e6e-75ae-8714-f79a8b0ec71f,+601100001650
018e63de-5e8f-791c-8ec3-eccbf495dbdc,+601100001652
018e63de-5f88-75eb-a78f-c31d24014c11,+601100001682
018e63de-5f9e-780c-ac4b-f803f3f1dd46,+601100001684
018e63de-5fb2-7e56-82b9-98e8838ba34d,+601100001689
018e63de-5ff6-7597-a591-2dc2a598212d,+601100001698
018e63de-6030-7a8d-8393-997b02545e4e,+601100001706
018e63de-614a-790a-9ee7-b5007649c476,+601100001742
018e63de-623d-781f-b092-980ad0cae2ec,+601100001760
018e63de-d886-7d81-9c11-107655701fd1,+601100008477
018e6082-43b6-74f6-9e63-b8b5aa87df3b,+601100000026
018e6082-450e-751d-9728-01fb91237cd0,+601100000029
018e6084-f66e-7273-a0bd-455e96c58ccd,+601100000032
018e6084-f423-79ef-b6f2-60378e89ebb6,+601100000031
018e6084-fccf-7108-a6dc-d81fd418caa8,+601100000034
018e6084-fdcb-7954-aa95-2856beb30ed3,+601100000036
018e6084-f9c4-7ee0-b229-2e81c2eadcc3,+601100000033
018e6084-fd53-7d3b-8ab5-d5e5e2850ccc,+601100000035
018e6084-fe10-73ab-805d-21d184fb719c,+601100000037
018e6084-ff43-7631-b0bf-f30779313c2e,+601100000040
018e6084-fe6e-7709-9903-17936b2f2e99,+601100000038
018e6084-fef8-7883-80b9-6424a3eb1216,+601100000039
018e609f-3b4c-7920-9f1e-929306e786a6,+601100000041
018e609f-3c0f-7d4e-8c7d-715a15894dfa,+601100000042
018e609f-3ef2-720a-821b-4ec180ca6c72,+601100000044
018e609f-3c58-7c2b-b471-a03f5444f52f,+601100000043
018e609f-3f62-75f2-abc9-1bd5eb736dd8,+601100000045
018e609f-3fd9-708a-bd9b-14b157b9c106,+601100000046
018e609f-4353-7609-b773-6b2bd03d1cd4,+601100000047
018e609f-43cc-7833-96c1-bf184d5f66c5,+601100000048
018e609f-458d-7e39-91c3-b5c241d9ddea,+601100000052
018e609f-451f-7177-abda-d3a80c1a5b21,+601100000051
018e609f-44b0-7a6a-afe8-da9a47836c05,+601100000050
018e609f-4438-7e3f-ad6b-5c2f3eb12619,+601100000049
018e609f-4604-748e-9c0e-c3e9926e9128,+601100000053
018e609f-4673-74da-b375-d39029e381f0,+601100000054
018e609f-476f-7af8-ae44-85a0cf4fee10,+601100000056
018e609f-46ed-7703-80cb-c8ba9ad00ac6,+601100000055
018e609f-47e4-7e8e-b714-a4aaebf7bf8c,+601100000057
018e609f-4852-76ee-bcd4-44db2048d101,+601100000058
018e609f-48c1-7a2d-92f3-3c86809e1efa,+601100000059
018e609f-499c-7652-aa43-4ba25de5923d,+601100000061
018e609f-492e-7217-8c3a-05184e329829,+601100000060
018e63de-7d6c-7875-8d10-2bcf2bc64988,+601100003098
018e63de-7d75-79c1-864e-61355357c189,+601100003102
018e63de-7d74-7889-8db5-a76cf417fc65,+601100003101
018e63de-7d80-7ff7-af26-8c0b192c5875,+601100003103
018e63de-7d94-794d-b7ae-1534c4e8b6a1,+601100003106
018e63de-7de1-70b3-aec8-ae1532e19a00,+601100003124
018e63de-7de6-7dbd-abbe-5d14650b70a3,+601100003129
018e63de-7e10-7861-b89f-e35d4faed9a6,+601100003136
018e63de-7e1c-7ef0-8534-8d925bbb90d0,+601100003140
018e63de-7e1c-7242-bef3-aaf7c3f02e1a,+601100003137
018e63de-88c4-7494-a9fa-6358d81bfa1e,+601100003763
018e63de-88ce-7eb9-b164-3dac4c8ae4d2,+601100003767
018e63de-8932-7d76-b1cb-10df6871a902,+601100003790
018e63de-8972-7b4b-888b-98ed72a2b1ac,+601100003806
018e63de-89be-7f33-be6e-8ff5254c3d13,+601100003821
018e63de-89c2-7c30-a790-648635bdc18c,+601100003822
018e63de-8a41-7ba4-89a2-d68d7e9b7bbc,+601100003849
018e63de-8a59-765d-a27c-5f689900e582,+601100003856
018e63de-8a8e-7882-9fb9-e370aa6a95d3,+601100003868
018e63de-8a9c-7fed-9a92-7e615e2103fe,+601100003874
018e63de-8b7f-7444-ab73-434311d905e5,+601100003925
018e63de-8b89-7e1b-9d61-dd682da67b10,+601100003931
018e63de-8ba4-7636-85ec-ad3355368f5f,+601100003934
018e63de-8baa-762f-b467-372c0f8cc82c,+601100003936
018e63de-8bcb-7a58-82da-c2c1f8690a58,+601100003943
018e609f-4a85-7a27-a34f-ad645caf1320,+601100000063
018e609f-4b69-7d27-b0fd-42d828b4eb64,+601100000065
018e609f-4a15-7df9-9284-9476dd2eace8,+601100000062
018e609f-4bd6-7035-84f4-513a05e9dfae,+601100000066
018e609f-4d3e-72f1-bb64-ae4bedaaeeb3,+601100000069
018e609f-4e92-719b-89e2-9c1b9f4d627d,+601100000072
018e63de-4f26-74cf-b1aa-f3f8b6fc05d1,+601100001208
018e63de-d8d1-7dbd-96ac-b77753d0fb1b,+601100008498
018e63de-d8f4-7f47-8192-5d08099aae4e,+601100008507
018e63de-d8f4-7037-882b-c035798e2626,+601100008506
018e63de-d8ff-769c-97f1-d681207d2400,+601100008508
018e63de-d90f-7788-a46e-1906836b9b2d,+601100008512
018e63de-d945-71c0-970d-4ec194395e57,+601100008528
018e63de-d944-74d3-9f87-f01c79e1ed78,+601100008526
018e63de-d981-71c1-88b0-03e6b76f4743,+601100008541
018e63de-d981-760d-847f-e3367681631b,+601100008540
018e63de-d9a6-7955-b3c5-b366b3870b8b,+601100008551
018e63de-d9d9-715c-8672-50cefcb22e50,+601100008563
018e63de-db77-7e71-b6c4-08c1330c8a3e,+601100008666
018e63de-db97-7878-a33d-ebde4da71f90,+601100008677
018e63de-db96-7e30-a83b-3b1cd0ba5841,+601100008676
018e63de-db9a-74f8-8097-6e30476c24a2,+601100008679
018e63de-db9f-7a9b-b28a-f63676674e60,+601100008682
018e63de-dbe3-7a19-bd68-fbaced56fd25,+601100008699
018e63de-dc20-77ba-ae01-e1161457493a,+601100008713
018e63de-dc43-71d7-b556-4d1c9ce51c54,+601100008722
018e63de-dc43-7bb0-8122-8a16f9684a31,+601100008716
018e63de-dc87-7fad-a4fe-60ab5d2171da,+601100008737
018e63de-dc87-75af-9430-2322a6af1eb9,+601100008736
018e609f-4af0-708f-a7d0-ac2df7d33153,+601100000064
018e609f-4c4f-7e2b-b169-02bf9d4c681b,+601100000067
018e609f-4dae-7f51-aa1c-c4a37d809245,+601100000070
018e609f-4cd2-7654-944c-c8494f74ba47,+601100000068
018e609f-4e24-7827-a77f-91cb23c49f28,+601100000071
018e60a0-f950-7680-a6e9-a253f6959441,+601100000201
018e60a0-f8d4-7058-b08d-9adfd7bbac79,+601100000200
018e60a0-f9bc-7739-83d8-ab90cc511d2c,+601100000202
018e60a0-fa2a-7409-973d-af63a55e7f9a,+601100000203
018e60a0-fb1e-7a6c-809d-38b7814d7ea7,+601100000205
018e60a0-faa3-7e8d-b6a3-c99b63512279,+601100000204
018e60a0-fcbe-794f-b5d2-939061b3ab6c,+601100000209
018e60a0-fb94-7e47-91f9-c71aedf5122b,+601100000206
018e60a0-fbdf-76f9-bd53-29100fc0dfc1,+601100000207
018e60a0-fd9a-744b-ab9c-8bcff245cd3f,+601100000211
018e60a0-fd2d-763a-83a2-a0bf872f0cc1,+601100000210
018e60a0-fe80-7b92-a290-99ca7ab09c50,+601100000213
018e60a0-feef-70c3-83f0-a891fced7cbc,+601100000214
018e60a0-fc50-7041-a98b-5cb3460381a8,+601100000208
018e60a0-fe0a-738e-b806-ca83c3853b53,+601100000212
018e60a1-00c5-75a2-9cdb-e41ac9fd55fe,+601100000218
018e60a0-ff5c-7ccf-80e2-0bb6ab5f7fbf,+601100000215
018e60a0-ffd6-74e8-b837-b3c380cb19d1,+601100000216
018e60a1-004d-7ba9-bd81-6f3f9227f5f6,+601100000217
018e60a1-021c-752e-9b38-ce517592182b,+601100000221
018e60a1-0291-7c6d-833b-42ddbe21768b,+601100000222
018e60a1-013c-7c79-82d6-f686dae7cb1c,+601100000219
018e60a1-01aa-7229-9c32-9c7a2dada970,+601100000220
018e60a1-0300-7d6c-9b7e-0a318f470a1c,+601100000223
018e60a1-03ed-74f6-bf94-424b4453e74d,+601100000225
018e60a1-0376-77d7-add0-94beef164250,+601100000224
018e60a1-045d-7769-b33f-feed2e1aaf26,+601100000226
018e60a1-0538-7d3c-b210-dc3b59714c49,+601100000228
018e60a1-0621-7e6b-bebc-064071ed5352,+601100000230
018e60a1-04ca-73e9-9b49-94621b2a37d2,+601100000227
018e60a1-05aa-7639-8128-eea3c2301829,+601100000229
018e60a1-0a88-77cd-aaa9-faeefb6a3d72,+601100000241
018e60a1-0c7d-7106-9140-e2e0898bf87b,+601100000246
018e60a1-0cea-7947-a132-94dabc515443,+601100000247
018e60a1-0e42-7654-b064-b5a6e8cd3395,+601100000250
018e60a1-1d3e-7006-9e50-cf452d8653f9,+601100000287
018e60a1-1e88-7209-9044-b011c8ef1c56,+601100000290
018e60a1-220f-7905-b32e-65c2e12eac51,+601100000300
018e60a1-19b3-7358-bbdf-98b291f4a305,+601100000278
018e60a1-1b8c-7687-b0e4-4b5d9ebb1120,+601100000283
018e63de-59ef-758f-a5c2-ab421bdddc7f,+601100001518
018e63de-5b22-7d6d-8ae2-d5bed1454792,+601100001550
018e63de-5ea0-7471-a091-dfdf076f4b84,+601100001653
018e63de-5ea4-78da-89a7-0c1fb4e6b098,+601100001658
018e63de-5ea7-7ecf-9e76-4495aa4586a6,+601100001657
018e63de-5f31-7ac2-952a-f83550604de1,+601100001670
018e63de-5f76-7f28-8599-2ae4cc1200b2,+601100001679
018e63de-db7a-7fb6-aa85-04ba15330399,+601100008670
018e63de-dcb1-7504-ac6a-b1090a0ccc9c,+601100008750
018e63de-dcc9-752a-85e2-70fb9a84f7d0,+601100008753
018e63de-dcd5-7826-8b5f-11aefc43a35b,+601100008759
018e63de-dcf1-785c-a079-96666dfc5b47,+601100008762
018e63de-dd14-7bba-8d75-1b789055a038,+601100008773
018e60a1-06ab-7a1f-8798-be67db06a939,+601100000231
018e60a1-0801-7d42-9912-d7e850794cb5,+601100000234
018e60a1-2169-75a9-8936-4bafb398a75a,+601100000298
018e63de-7e4c-7532-b6c1-3b1467c1f227,+601100003148
018e63de-7e9b-7b03-a4df-c75c440d557e,+601100003166
018e63de-9144-7c39-991f-8727a41c42ca,+601100004277
018e63de-9310-71f6-8b2b-921d3f18bcfe,+601100004389
018e63de-931d-78a5-a8d8-d5128fa5cdd0,+601100004393
018e63de-939d-71c1-ad28-5a5ef381898c,+601100004425
018e63de-93b8-78a0-8087-465fd0c3c009,+601100004431
018e63de-dd24-7286-8d6d-72f603264f7d,+601100008779
018e63de-dd52-739a-ba3c-40a83e42ee3d,+601100008790
018e63de-dda0-717b-871b-c03c122e6455,+601100008808
018e63de-ddd5-7bc8-b8e1-bfab13e30a89,+601100008822
018e63de-ddd6-7b37-ae37-aecf44731aed,+601100008823
018e63de-ddf4-7fb6-ba77-fabb7ce81faa,+601100008830
018e63de-de11-7d05-8cf9-fcf03d2af18a,+601100008838
018e63de-de38-793f-a626-acb6e5904323,+601100008849
018e63de-de35-7d0d-baf5-696dc3a2a561,+601100008846
018e63de-de3c-7aae-b182-5e4721e87270,+601100008851
018e63de-de4d-7e37-a9bc-1b5a54c05a34,+601100008854
018e63de-de56-704c-a12e-2c78df035f5a,+601100008855
018e63de-de5f-73f6-bfc1-7452dad23aeb,+601100008861
018e63de-de5c-711a-9a2d-14aef467afac,+601100008859
018e63de-de80-7510-9f68-e5a2f4e222c9,+601100008868
018e63de-de89-7faf-9f2b-692e4c720564,+601100008870
018e63de-de95-7a9b-a067-2ab2014b1cb6,+601100008872
018e63de-deb1-7cae-8c27-15d9802b6f1d,+601100008880
018e63de-deb8-73a9-8d18-292b11e6331c,+601100008883
018e60a1-0786-75aa-bc92-5b0672d6029d,+601100000233
018e60a1-086c-71d4-ac34-71650382fc9a,+601100000235
018e60a1-0931-7815-8d74-37a23ffbb9ae,+601100000237
018e60a1-0a19-73f8-aeee-3e1676346ce8,+601100000240
018e60a1-0f94-725f-b524-7471cd997dca,+601100000253
018e60a1-10d2-7793-83b5-f4f97d969c97,+601100000256
018e60a1-1140-7c2c-8928-3645c815ab7b,+601100000257
018e60a1-130c-78e1-b565-6c5ccac69554,+601100000261
018e60a1-1438-7a6f-ac3b-e87ccd573ca7,+601100000264
018e60a1-1514-7cea-927c-f2e49c13567a,+601100000266
018e60a1-1668-7c66-a146-53cc331e851b,+601100000269
018e60a1-1ef7-735b-b7b2-a75c243ce371,+601100000291
018e60a1-1fe2-7a36-90c7-afb2a6c8aa16,+601100000294
018e63de-5664-7273-8654-b7a495c8972d,+601100001401
018e63de-56b3-7427-a032-2eb1ed456812,+601100001413
018e63de-57d4-7e89-9e9e-ef663aa13003,+601100001446
018e63de-decf-7cb1-9ef6-c1c2b8f08f8a,+601100008888
018e63de-ded4-7efb-93da-a8b3d1cecbef,+601100008890
018e63de-def5-7cd4-9984-5b2c55d490e6,+601100008898
018e63de-df25-75e9-8ebd-eb80dab17950,+601100008912
018e63de-df34-73ae-a970-ad4261e6bbaa,+601100008914
018e63de-df38-7637-afbb-e0b82c0a5273,+601100008918
018e63de-df38-7939-b9be-2974f5426a26,+601100008916
018e63de-df39-74b2-8026-e03f7dda9b14,+601100008915
018e63de-df46-7d67-8ffa-67bb4b718fab,+601100008920
018e63de-df47-7a56-a1b4-7a7cf4e8689f,+601100008921
018e63de-df74-7d29-93d5-71424c5ec7d5,+601100008931
018e63de-dfe5-73c3-bf23-f67e8902afe5,+601100008958
018e63de-dfea-7156-946d-153e28df54e1,+601100008959
018e60a1-0999-7440-bb61-86ea3bb07467,+601100000238
018e60a1-0c04-742c-83bd-d250464f5dcb,+601100000245
018e60a1-1590-74b5-a8f5-8136c45d5d83,+601100000267
018e60a1-1f64-7f7b-a8e3-67d987cebe8c,+601100000292
018e63de-5ce1-72d9-8aba-07dc94bbd896,+601100001600
018e63de-5d7f-7726-8ca9-278454459967,+601100001619
018e63de-5df7-7cdc-b3f1-6df7c69c8ab9,+601100001634
018e63de-5e45-7e86-a613-0e3f664283f4,+601100001643
018e63de-e00a-783a-b908-90dc6de43f20,+601100008968
018e63de-e02a-7bb6-bf53-9218be36e685,+601100008977
018e63de-e030-7051-aaca-7a66e3494db2,+601100008979
018e63de-e04f-7c8f-a5d3-8640bc51f8b2,+601100008987
018e63de-e054-7cb2-a3f7-b07f2c3dc481,+601100008990
018e63de-e06d-755f-8020-1dcfade134bc,+601100008994
018e63de-e079-73fd-a7cd-74699a72cca9,+601100009000
018e63de-e081-7a79-ad24-02f7b5af1873,+601100009002
018e63de-e099-73a2-b051-f70c1efd9899,+601100009009
018e63de-e12b-72dc-b958-61d3b033be6f,+601100009045
018e63de-e13b-73c9-ba3a-bff16664a2f9,+601100009049
018e63de-e15e-7273-b76a-2d4781668d90,+601100009060
018e63de-e15c-740a-8167-86b6b1ee3fd2,+601100009053
018e63de-e15c-7961-8c8a-d725f6bc8e20,+601100009055
018e63de-e180-74bd-b4c2-8e40cc095582,+601100009067
018e63de-e17f-73be-b133-e8cd7a70e984,+601100009066
018e63de-e183-7d18-9298-b78f9cd0ed63,+601100009069
018e63de-e1c1-7b0e-a788-3e1b2d39f445,+601100009082
018e63de-e1c5-70c4-8acc-51530c869080,+601100009087
018e63de-e1e5-77e1-9f6d-beeba0f0c2f9,+601100009094
018e63de-e233-7729-8d8c-55784323699f,+601100009114
018e60a1-09d4-77e7-a5c3-c6002b11a584,+601100000239
018e60a1-0b46-7a5f-a1f7-d1a5163fa1aa,+601100000243
018e60a1-0b9d-7529-a54e-92b16d3df9a9,+601100000244
018e60a1-0dd1-7528-946a-a424a8a16dcb,+601100000249
018e60a1-0eac-75ba-afb2-4559b9790984,+601100000251
018e60a1-0d58-77cb-8464-dc76f401832f,+601100000248
018e60a1-071a-704f-91df-805ddcc85bd9,+601100000232
018e60a1-18dc-700e-8d15-ded03da55a57,+601100000276
018e60a1-1a97-761e-aa0c-3329b07d57b3,+601100000280
018e60a1-1b14-73fd-99a1-35b669d8b768,+601100000282
018e60a1-1bf4-76ca-a364-30c20c2625c5,+601100000284
018e60a1-1dac-7ce8-9587-9286cf7f8aea,+601100000288
018e60a1-1e1b-728e-8643-dd179761b7a8,+601100000289
018e60a1-2130-7132-8e85-f16fe26478c8,+601100000297
018e63de-519e-713e-aff9-dd05d2c12f41,+601100001273
018e63de-516e-74b7-be0e-188e15d58993,+601100001266
018e63de-e248-701a-98f3-71b3425ef727,+601100009118
018e63de-e248-7a82-93fb-63cddb545bea,+601100009119
018e63de-e24b-7fd8-8263-d36a8a99532d,+601100009121
018e63de-e283-77aa-abbf-274d30dcde3c,+601100009134
018e63de-e28d-77c7-931e-aa0dd9349b70,+601100009139
018e63de-e28d-7d35-a88a-94c5d7eaa813,+601100009138
018e63de-e2ae-7918-ba57-96a30aecd668,+601100009147
018e63de-e2ae-7039-a5cb-68f4ba239c10,+601100009146
018e63de-e2bb-7ac3-94d1-cfd2da8e7ec1,+601100009149
018e63de-e2bd-73f5-98ce-5f5510d5f5f1,+601100009151
018e63de-e2be-72cb-9d9a-d9119381ea48,+601100009152
018e63de-e2e5-7edc-8b42-2be122468084,+601100009161
018e63de-e308-7dd0-a00f-9bcf87328d9f,+601100009171
018e60a1-08db-7167-bb98-a4c38c08d14f,+601100000236
018e60a1-0ad6-7a6b-b045-49db4d39899a,+601100000242
018e60a1-0f26-7e4b-b628-4bf02a0b1bca,+601100000252
018e60a1-1082-7a9d-a1e0-924bd83734ef,+601100000255
018e60a1-1294-7e62-9c8d-4856b1d087c0,+601100000260
018e60a1-171d-7a49-8fd8-6e94e2ce4c14,+601100000271
018e60a1-17f8-7c2c-86d4-5e2a3dff74b3,+601100000273
018e60a1-185e-7426-928a-3342ec66ffce,+601100000274
018e60a1-1899-719e-862f-f23f297ec221,+601100000275
018e60a1-1a2a-7577-b9f5-32f238b29820,+601100000279
018e63de-4f7f-7f11-a58c-57fcc8bf82ca,+601100001220
018e63de-4f7f-746b-895b-1cfcf6d20652,+601100001221
018e63de-5138-7bbf-9bd1-cfa05ffcf52a,+601100001259
018e63de-e319-7f79-8793-eb702fdb97ea,+601100009174
018e63de-e353-73fa-9238-303e7058bf96,+601100009183
018e63de-e377-76e9-b68d-dd2f5e4e48d6,+601100009197
018e63de-e378-7a88-9534-2f8917361075,+601100009198
018e63de-e389-75e4-8f39-9ef97031da3f,+601100009201
018e63de-e3bb-7350-8f3c-2b4fc7e6ee2e,+601100009212
018e63de-e3c4-7307-a0d9-85e503034b9d,+601100009216
018e63de-e3e8-7005-9e77-e34351574adf,+601100009226
018e63de-e3e9-76ff-8e1a-4566deaf4a42,+601100009230
018e63de-e410-7a6d-9c90-3d01ed60378e,+601100009239
018e63de-e42f-730e-a526-6a5f8b3055db,+601100009244
018e63de-e42f-7e9d-ad7d-81ad547e8640,+601100009246
018e63de-e451-7b07-86c1-acbf467bfeac,+601100009252
018e63de-e482-7403-ac4c-03f82a82dd75,+601100009268
018e63de-e494-7225-8cbc-28e26e27baef,+601100009271
018e63de-e499-7fb6-95cc-79aa4f2be8ed,+601100009276
018e60a1-100c-713e-bdd3-b16dc9b02362,+601100000254
018e60a1-13c2-7700-b2f6-cacd887f02e9,+601100000263
018e63de-5d06-7688-b1ab-a24ae7a43496,+601100001603
018e63de-5e19-7464-bbf3-916015bb1041,+601100001639
018e63de-5e59-7d6c-bc40-151f6df89269,+601100001645
018e63de-5e78-73d3-ae76-9657c2548191,+601100001651
018e63de-5e9e-7655-a3a7-f7e1576c0547,+601100001655
018e63de-e4b1-7762-891c-1c2770654ce9,+601100009279
018e63de-e4bc-7744-98c5-3638982ec17b,+601100009282
018e63de-e7df-7c1a-a6c4-4c39b798aea7,+601100009486
018e63de-eb36-7b78-99bd-1b77e287476f,+601100009708
018e63de-eb57-7987-9a97-22b1e7cf0808,+601100009710
018e63de-eb58-7150-ba7f-7116ba1fbaff,+601100009714
018e63de-eba7-7ee7-a7ed-26e3ce557c4f,+601100009733
018e63de-ebb0-72ec-8114-1aa54121e02c,+601100009738
018e63de-ebd0-79f3-a48a-f437f3cbc920,+601100009745
018e63de-ebe6-7f9e-bd90-7d5a6c85f0ae,+601100009749
018e63de-ec0b-7557-95a5-a0122ae67993,+601100009759
018e63de-ec1b-7b56-8ffa-177bc7cba2dd,+601100009764
018e63de-ec42-7cfd-93ad-c6315f03351d,+601100009776
018e63de-ec5a-72fa-8773-fbe45c36209c,+601100009778
018e63de-ec61-7d36-8750-fe9f60c1055c,+601100009783
018e63de-ec84-7794-ae71-9133b9bf5c74,+601100009792
018e63de-eca2-71fe-9296-8484216e0f8e,+601100009799
018e63de-eca2-7adb-9b75-b0892b9ff302,+601100009800
018e63de-ecc4-7a9d-9eb2-d180bb919940,+601100009809
018e63de-ecc7-7d70-9f39-fd6c015f1de6,+601100009810
018e63de-ecf3-7276-b386-93c3f4ee2820,+601100009822
018e63de-ed0e-7d06-9236-882064d21aff,+601100009829
018e60a1-11b9-70e3-882a-c48e7b6d558e,+601100000258
018e63de-7ebe-7253-b3c1-aa473a4716b8,+601100003170
018e63de-9170-7117-8294-f6a463c6839c,+601100004287
018e63de-91a9-7ace-b04b-3dea5f236c3c,+601100004303
018e63de-91c8-7c63-a133-26710181069e,+601100004309
018e63de-91d5-7882-85ca-94ea50d93181,+601100004312
018e63de-9207-775f-b869-400668a6cd9c,+601100004325
018e63de-920d-7567-a78d-971f3e1a7d9f,+601100004327
018e63de-9255-7845-ac89-941d22ed6485,+601100004346
018e63de-9254-7c70-8479-24fd3f841ff4,+601100004345
018e63de-e4d0-7b55-b973-947bc5c05436,+601100009288
018e63de-e4e1-70e9-ae16-078853722c05,+601100009294
018e63de-e4fb-7b85-97ad-12ca28646033,+601100009299
018e63de-e524-7504-b420-0d2066494a37,+601100009312
018e63de-e531-7da8-ba94-2f932b7fa95e,+601100009315
018e63de-e54d-7be1-a0fe-b859d056bf72,+601100009322
018e63de-e58c-752c-90a5-e8b8ecc109af,+601100009333
018e63de-e593-756b-8677-a1f072c6bb61,+601100009337
018e63de-e5dd-7fd6-976b-b417c022ffee,+601100009358
018e63de-e5f8-7fa5-9b6e-6b060137649a,+601100009363
018e63de-e623-70db-a39c-c7ab5561175c,+601100009374
018e63de-e636-73f7-819c-95c14906457b,+601100009379
018e63de-e641-7f6d-9a3c-6b6d24ed2a78,+601100009380
018e63de-e646-7492-bb91-bece3d937545,+601100009384
018e63de-e667-7b91-8b6a-da507da29341,+601100009390
018e63de-e667-763b-b07f-108fbcca1629,+601100009392
018e63de-e68e-7348-befc-5e3b82e74632,+601100009404
018e63de-e6a9-7e4d-9f24-9d4abd0040b7,+601100009409
018e63de-e6b1-73f4-80b2-5baaed7a01c7,+601100009413
018e60a1-122b-78e5-ba82-dc93c7fbeda8,+601100000259
018e63de-7eec-75d6-b55f-8a481d3638b7,+601100003184
018e63de-7f0a-775c-9768-5cc4ab0d8a8a,+601100003188
018e63de-7f18-70e8-943a-c8170084bd11,+601100003195
018e63de-7f3c-7201-9125-f194c4a6f7b2,+601100003201
018e63de-7f54-7279-8164-087158520098,+601100003206
018e63de-7f90-72a6-8f70-8a3618ed5ba1,+601100003220
018e63de-7fa5-7702-8b40-42299a4d6e3d,+601100003225
018e63de-7fc5-7330-8493-d1ac1f625f81,+601100003231
018e63de-802f-7e01-8ec5-6eabb5393c4c,+601100003250
018e63de-8091-75ee-811d-9697d5bf3787,+601100003269
018e63de-80a2-7d21-9eb8-a69d408a42bc,+601100003274
018e63de-80b9-7916-9e92-7e5377da8d58,+601100003279
018e63de-80c5-7be6-a153-a212d4dd47e6,+601100003283
018e63de-80cc-74e6-8215-5b6d1dcd13a6,+601100003284
018e63de-80ee-73b2-9037-f505195d35ea,+601100003290
018e63de-80ee-7071-b472-93bb63c30864,+601100003291
018e63de-8138-7b35-9ce3-4624fd8619dc,+601100003310
018e63de-8183-7497-9e56-25095afd2c60,+601100003325
018e63de-8183-7013-b5c3-f986e4628ab4,+601100003327
018e63de-818a-7750-a696-1d2929bb4c98,+601100003329
018e63de-81c0-7f51-b16c-b36666fbb9c7,+601100003338
018e63de-81c0-748e-a9fd-d6dd3e075e21,+601100003339
018e63de-81cb-7940-93b4-85c5d8966066,+601100003342
018e63de-81d1-7692-b158-8843b1d43205,+601100003345
018e63de-81f2-7803-8f9d-50da0b545e65,+601100003350
018e63de-8200-772b-a0fc-676b65089e2d,+601100003354
018e63de-821e-7d42-96d4-776ba1da26f7,+601100003361
018e63de-821f-767c-80f4-8177f7c11eda,+601100003363
018e60a1-14a6-7d23-b6fa-6c7a4a966b30,+601100000265
018e60a1-1374-723f-95fe-a25ee89f8aab,+601100000262
018e60a1-1ad2-760c-9d5a-a0dc9b7e773f,+601100000281
018e60a1-1fa0-7546-b2be-0fab690c11e3,+601100000293
018e60a1-2054-7115-948b-31a709acb04d,+601100000295
018e60a1-15fc-762e-abef-fad9e5076412,+601100000268
018e60a1-16ae-73ca-92ee-d3f21dcb5a4d,+601100000270
018e60a1-178a-7583-b2a3-4500268fa451,+601100000272
018e60a1-1944-769e-b870-5edad88fbfea,+601100000277
018e60a1-1c63-7f7b-a2bd-4e36559b1d3d,+601100000285
018e60a1-1cd0-78cc-b867-b5e3a0fba90c,+601100000286
018e60a1-20c4-7df6-b26e-68644848c55a,+601100000296
018e60a1-21d1-7b88-8c43-0fdf55302bcd,+601100000299
018e60ab-638a-7455-93f2-922169e32b71,+601100000400
018e60ab-6429-74a4-9899-408117eec433,+601100000401
018e60ac-49eb-7634-af7e-0119c29d2697,+601100000402
018e60ac-4a24-7931-9eb2-c2b5d8561442,+601100000403
018e60ac-f599-755b-ab30-6dfabf273174,+601100000406
018e60ac-f5a2-7a7f-af82-823a05bf4b63,+601100000405
018e60ac-f67a-7212-8114-8134d69b243a,+601100000409
018e60ac-f60a-7a47-8799-8fcc09b99fa2,+601100000407
018e60ac-f67c-7702-8a5d-5d24bd370c7b,+601100000410
018e60ac-f60b-786c-9264-cffd436f1d5a,+601100000408
018e60ac-f6b7-7e31-8754-48afad28e19b,+601100000412
018e60ac-f6af-7d32-9f41-08a1e8b993f7,+601100000411
018e60ac-f6ef-76e9-88e7-045a843dceb7,+601100000414
018e60ac-f71f-7d8c-bee9-511aa899c3a3,+601100000415
018e60ac-f6e6-70b4-b272-1bccc668ab1c,+601100000413
018e60ac-f727-7825-90c7-60c17b92053e,+601100000416
018e60ac-f755-7dda-a26e-6e7d80b5e6f3,+601100000417
018e60ad-0106-75b0-a042-2dd8d591bed6,+601100000484
018e60ad-0225-73a5-8a85-33ddd0bda3cd,+601100000493
018e60ad-0290-7380-94bb-3dfcf4cec710,+601100000496
018e63de-56f3-7d5b-8e7a-0154d21da7cc,+601100001418
018e63de-56e7-7b24-b3b3-b5a68cd22e66,+601100001419
018e63de-5717-7376-8c6c-64270a2cc42a,+601100001427
