018e60ad-c66a-74f8-b717-22bedef25f2b,018e60ae-7afd-7bd7-bcf4-84faf659184b,8412999482
018e60ad-b5dc-73b8-89ad-22d78c688fdc,018e60ae-5cea-7ab5-9d32-6bda369dc2e3,8586192419
018e60ad-b266-7272-91a1-5fb12f1cd75e,018e60ae-60f6-784e-881c-9b12f22db321,8635067445
018e60ad-c0e3-74ce-b5ed-de081bba0658,018e60ae-68f3-7b1c-af00-1dd9b10c110d,8433386458
018e60ad-bb9f-735f-ae56-b52f1fe7f1eb,018e60ae-6902-7956-baca-95ede00102d0,8411538459
018e60ad-c634-7841-9a22-47808807e252,018e60ae-5efb-7efe-af20-d4da00d0cd4b,8626165441
018e60ad-c498-7b19-8b79-2b25feecbb82,018e60ae-68fb-74e5-8632-9b9476892888,8408881454
018e60ad-c3a8-7885-ab94-b4d20cb834c4,018e60ae-66fb-709d-97a5-1beffadc1c58,8538864450
018e60ad-b2d5-7e14-adfa-784c49af410b,018e60ae-6af0-7646-9507-67de4183bf07,8428666497
018e60ad-b681-79af-bfd0-031586672f3c,018e60ae-5d04-7548-92ab-e731f4ec8249,8628400440
018e60ad-d5e6-7999-bf03-c4ff767223ec,018e60ae-60ff-762e-86e5-0ec44f9a8af9,8528286457
018e60ad-bda1-7806-a623-5719837f1d54,018e60ae-66ed-79e8-b24b-41ad2bcbb306,8536640456
018e60ad-c83c-7dd0-8af4-9c839052f6cd,018e60ae-70ef-7dbb-a149-980949fbc9f1,8437926494
018e60ad-b543-72bf-83e7-11ad8d95d649,018e60ae-68ff-7982-8ec2-8a3b351c8955,8618613455
018e60ad-ce2e-777e-a83d-5183487ce426,018e60ae-7af6-7ff8-8f95-b1d522f1ce81,8575009489
018e60ad-b689-73e3-953f-e1fa71a5579e,018e60ae-66f8-7970-b952-a891cc9722c5,8574007452
018e60ad-c2a0-74de-a9f5-8dd880e543f4,018e60ae-5ef4-7a90-acc4-dc5f54b71c78,8510346442
018e60ad-b389-7e1b-ae43-e6ee56544483,018e60ae-68ef-7b06-8220-426040ed3782,8530578453
018e60ad-caed-7492-bed1-30a46b34e11c,018e60ae-78e5-787c-81e0-480f9b0bf0f0,8429684481
018e60ad-c2e1-7890-89a9-3f428f8db049,018e60ae-7af3-7183-a5b5-08ab36770066,8510496488
018e60ad-c56b-776a-8b6b-3972662e5021,018e60ae-6ef8-7a7c-a98d-6183083eadcc,8406886496
018e60ad-d4af-7384-b7b6-b28d99d43876,018e60ae-58ba-701c-adb9-c3d5071341c7,8562580447
018e60ad-cabb-741c-a97f-13327b339c05,018e60ae-78ef-79fb-8d18-608d2e776250,8389398483
018e60ad-bce5-7ee4-82c2-d5b6997ff14a,018e60ae-5f02-7481-a1f8-6f0b8f588e21,8546356444
018e60ad-c2d7-71a3-8a3a-f36fdcedc337,018e60ae-6ef5-7f90-b2bd-d9b9889a9924,8496402499
018e60ad-b057-792a-b339-d8b4fe693817,018e60ae-6ef2-79f5-a14a-de0379877c6e,8456868490
018e60ad-c63b-788b-9e4d-d4b06e256723,018e60ae-7ae5-7823-bee6-a4ccf29538da,8509763577
018e60ad-b654-749a-8da7-1db7f52d2442,018e60ae-76e8-7808-bedd-7ec21ed92f5b,8438229486
018e60ad-b92a-736d-8126-af5b4320cb69,018e60ae-5f05-7858-962f-6e8b1190f2ef,8476978449
018e60ad-be75-7d0a-ba83-e7b3d4bd8e3a,018e60ae-6eec-7bb1-b2d5-b03205198d96,8596007493
018e60ad-baf1-77f1-acf7-93e7add0c245,018e60ae-5cfa-7afd-bd1a-d1ea7e0ab2d2,8498916414
018e60ad-b389-7b28-94a9-d1b1492fc141,018e60ae-5d07-7f97-ae17-4cdb7e9c94f4,8600704446
018e66cd-d1a6-7c6a-b463-b928774ff823,018e6afb-7985-7a4d-88cc-735f7bafbd47,8541745711
018e60ad-c6cd-71f2-9773-6513138cfefc,018e60ae-9d27-7c4a-8b09-f1bb7f487c2c,8630243537
018e60ad-cb0f-7c52-9fd5-2af98caded05,018e60ae-9f30-7303-890d-8bda206dce21,8618474532
018e60ad-c26b-79ed-8c28-b4f42e782a76,018e60ae-9b28-7a4c-8c60-e42f28bf2634,8692141522
018e60ad-c6d4-782f-94c5-0ee9ab302040,018e60ae-88e3-7728-ade4-f011a89c9ef4,8800102503
018e60ad-ca06-7edb-8c91-575f16d09a01,018e60ae-953e-7691-a1fb-60e9caf06294,8643229527
018e60ad-cb26-7d7c-80ec-59047e71b302,018e60ae-7ef9-7ce4-ba12-4786b23a4342,8715415571
018e60ad-c4c5-7754-89f3-13c77540c364,018e60ae-84e8-7a24-b508-d771892cb9eb,8575423579
018e60ad-b786-7dbf-bce2-88e23254d2c9,018e60ae-913c-779c-8966-bca78a419f45,8666124561
018e60ad-beb4-77dd-b39b-30156cabf796,018e60ae-9138-7a5f-8dda-4cbec844968b,8600962563
018e60ad-b509-7fcc-a708-d46c3e3f6b15,018e60ae-8b32-7170-bfba-194678b0e409,8623831507
018e60ad-b867-7d85-b075-0a8bcbdede58,018e60ae-9d34-7d34-b5fb-f0d84fa78439,8621597521
018e60ad-ca9c-7532-8331-3c4674a7d156,018e60ae-7cf0-7e54-9b13-85f9a89d88fa,8666334570
018e60ad-c52f-76ac-817a-b4326c3ee26e,018e60ae-8d38-7d35-afa0-ea39628b1661,8529028567
018e60ad-cb56-71b3-8a69-32dd34c05885,018e60ae-9736-7f38-9f88-724f310c10fb,8559724526
018e60ad-b838-706c-8cb5-4be54ebb94c6,018e60ae-8d3c-719a-94c5-03ef2ee3c63a,8612880560
018e60ad-c154-7b00-bb19-fb8d1662b67d,018e60ae-8b29-7099-968a-3cdd859672d7,8694092505
018e60ad-d50f-7723-9412-800827f29ac6,018e60ae-8f3c-769d-ab6c-92e6b0c2c2f1,8628700566
018e60ad-c602-748e-a1b8-48c2b68d8363,018e60ae-8d32-72d8-a959-6bb4ac51fc38,8509929509
018e60ad-cc20-760c-b05a-51b45b76b82d,018e60ae-8d27-7b2d-982a-84e15f12da35,8642692508
018e60ad-bcac-7031-bcac-4e3851f4bad4,018e60ae-8b2f-7730-b8b2-df2cbb638d7f,8750424501
018e60ad-be22-72c6-b91e-9e145ccc7dd5,018e60ae-84f1-7355-819d-8911d2fcb9d8,8612133578
018e60ad-d089-75f1-b83d-419c78644a5d,018e60ae-9d31-7b05-9b58-154f4ab43649,8665304528
018e60ad-d746-71a0-9edd-425e8d2191e3,018e60ae-9d3f-7e8a-878e-9bda83988191,8727605525
018e60ad-c563-7413-89f3-9f37446c32d8,018e60ae-80ee-74c8-821e-2f35b8aa12c5,8631555574
018e60ad-b71d-7caa-8ff4-6e8388a25efa,018e60ae-7eeb-7b4b-a7fa-6c253431799a,8504345572
018e60ad-c5a3-7729-9e10-48476f4b9fb2,018e60ae-84f5-7ba7-a0c9-0518c1bf311f,8693710500
018e60ad-ca70-7f56-a122-0d82876204ce,018e60ae-9b31-7013-899d-3b55c8e727aa,8534719523
018e60ad-d944-7123-932d-9bb21f728902,018e60ae-9f29-71b1-b2b0-774651399306,8527148533
018e60ad-b899-74ff-90d9-24ef4ef48c43,018e60ae-953b-7e65-b510-ae78fe66c3e1,8634045565
018e60ad-bc23-7fd5-8617-d8de35e9d27c,018e60ae-9d3c-76d4-9669-e6283e25059a,8574538530
018e60ad-b44e-7150-837a-b2af059c636e,018e60ae-8ae0-72b6-8939-82702c3f2eda,8841200506
018e60ad-ca21-7ee5-8817-7fd97529432e,018e60ae-7cf7-7549-a403-86b632fda0d7,8533444576
018e60ad-d2b8-71e3-bf69-343980e06ce4,018e60ae-7ef3-7732-9475-b0c1e3c3f367,8534751573
018e60ad-babb-7a70-a3e2-c3ffbc442c60,018e60ae-9541-7666-a31a-9398f69afc03,8614453569
018e60ad-cecc-7c93-8498-1fc802b6b83b,018e60ae-9534-7f40-8404-4d18ebd90093,8675032568
018e60ad-c04c-7943-90ae-07c5ceb64e24,018e60ae-9d2b-7e82-87d8-bacc3dcab2e2,8780150529
018e60ad-b488-7ad1-b42f-e371ab712e21,018e60ae-9545-7899-98dd-b281b6831e58,8702092520
018e66cc-24e5-7631-9dd2-bcef93619c22,018e6afb-83f5-73ab-8c3c-c108ea446f93,8715928000
018e6680-9c34-7214-8c7c-3d1d19387601,018e6974-e7c9-7aaa-82ef-77d67458a483,8733064535
018e60ad-ce2e-7c90-b469-81601a33a049,018e60ae-bde2-7754-827d-c84ec7840aac,8542386554
018e60ad-cd92-7883-9bcf-320f0667f3a7,018e60ae-bfee-7958-b2c2-cc8035748aed,8556805559
018e60ad-cfc4-7c2c-a1f8-29faa3ee5599,018e60ae-b162-7bca-a3f1-54f0791787d9,8720272546
018e60ad-ceff-7b40-a0ff-06a65dd75e77,018e60ae-a92b-7833-bb4d-2b5279c14129,8590698516
018e60ad-d746-7b29-a95e-f5de46fab516,018e60ae-a728-76a9-a121-2e6d64eb6fc0,8740603535
018e60ad-d223-7b3d-b583-581e6eb2c334,018e60ae-b393-70ef-b759-6db3444355b9,8663285541
018e60ad-d2e5-77e9-abf9-c1eaa8bc8b5b,018e60ae-bbaf-766a-befd-64d5fcf1326e,8632293550
018e60ad-ddaa-78d5-8eef-edda7ead99b8,018e60ae-c7ec-79ea-bd7f-3d69f901decf,8712303595
018e60ad-d9e2-75a5-ba38-2634dcd9334a,018e60ae-c3ee-78fd-8766-b5f9dd42e661,8660180592
018e60ad-d01a-757f-8872-210e4903a904,018e60ae-a32d-778f-8a42-c13aa4825f50,8658900534
018e60ad-d7e3-71a7-b794-52cbabdaccb1,018e60ae-bbee-7455-bf36-97e23cf4e433,8528542553
018e60ad-ce6b-7e21-959e-aa9d2fdce0ea,018e60ae-c1e6-73e4-81df-1fe52b497b96,8620459558
018e60ad-d66c-7a72-9b99-1cced084afc7,018e60ae-c3f1-7f5a-81cf-dd8db1e26671,8508807593
018e60ad-c95b-79fb-81ea-51a6366b6dc0,018e60ae-ab38-7058-aa2a-7d86e79e90a9,8563259538
018e60ad-d0b9-7a02-ba6c-b8312fcdb616,018e60ae-b36f-7bd6-8940-19a9f8844c2e,8572038543
018e60ad-ccba-7eda-bfb4-a8a99fcc4a91,018e60ae-a92f-7524-848f-3646d816fcbd,8705190517
018e60ad-bfc0-72cd-8c2f-dc2729bfc6cf,018e60ae-af62-78fa-9f06-ad3b22d27836,8648070518
018e60ad-d256-7c98-a068-2bcdb3432e5b,018e60ae-ab26-7921-8d07-1bfa4f3d5b40,8613838515
018e60ad-c30b-7ffc-b229-1953f0cc9b53,018e60ae-bbce-7308-a81d-8df251d8c8f5,8609138556
018e60ad-dbee-7c5d-abf3-757335cafef6,018e60ae-af59-7a15-8123-1bb5e52a1d19,8707400547
018e60ad-c431-725b-a934-bea80e9aa32f,018e60ae-af5f-78e1-9f16-5bf13b0a3d5f,8573187519
018e60ad-c76a-7570-96fd-72b91add85e0,018e60ae-ab3b-7c61-b920-22a3f71c8d5e,8609087512
018e60ad-cb88-7a0b-9d25-95b57ce5da11,018e60ae-bbbe-7a86-a69e-cd8a886812e1,8715324545
018e60ad-d049-70ef-80f6-dd75a5c1d753,018e60ae-a935-7b27-aaee-7742457f6e75,8669209510
018e60ad-d94d-75cf-914d-80b39bff135b,018e60ae-ab82-7f54-86a3-c370993afd14,8598871513
018e60ad-e28b-79dd-bceb-dac3d39e90c5,018e60ae-c5e4-74e9-a7fc-90b8856666ae,8617020594
018e60ad-debd-76ce-a2e3-8092dbadb571,018e60ae-c3e5-74c1-88ac-97067d586e9c,8689360590
018e60ad-e0f3-7788-b692-779ac45fa0fc,018e60ae-bbb3-74e1-afba-56a3250b5e9e,8604228551
018e60ad-c044-7cc1-9585-8a29552b0a31,018e60ae-c7f0-7401-a24e-2f3bcd32b849,8600135599
018e60ad-dd22-70a1-8ed3-78c88ffb9248,018e60ae-a924-77c9-8b6e-ce247daba013,8630035539
018e60ad-d424-75de-9b60-07970246426d,018e60ae-c1ef-7e85-a737-fa6261d18e05,8636108596
018e60ad-d572-7b69-aba0-6843288fc739,018e60ae-bbb7-7656-ae0c-71b98f84e771,8598252544
018e60ad-d0e3-756f-a1d0-7025315d8540,018e60ae-bbba-71a9-8fe6-31b5f50b3ea1,8633284552
018e60ad-e034-7812-aa5c-f8b98bfce626,018e60ae-bb99-7e35-8fea-f2989dfb2c25,8532344549
018e60ad-d30a-7df4-8831-c46523e3b15e,018e60ae-bfea-7645-ab9e-000273651e5b,8455996597
018e60ad-cecd-788f-a16a-bd80dfa145f5,018e60ae-bfe2-7ec2-8301-0f2468c824b3,8708260555
018e60ad-c88d-793d-8069-3dc1a590852c,018e60ae-a326-750e-92e0-967c961b44ca,8654580531
018e60ad-e03c-7176-988a-e084a37ae710,018e60ae-b38f-7d4b-9ba3-5b645f95b4e3,8617323542
018e60ad-d47c-7304-a479-f86cbb3429e1,018e60ae-b990-7e6b-be3d-d03ac8acd02d,8524642548
018e66ca-4b3b-71ba-9dde-9f0be2cc443e,018e6afb-83e5-76de-901b-aeb7a0cbfeb5,8672580006
018e667a-aeed-7ee0-b5a8-ba2670aec124,018e6974-e7cd-7292-b19d-e46dd81145ea,8583500447
018e60ad-bd50-79e2-9869-cb0dd283af4b,018e60ae-efff-7699-8aa6-b1b946581e84,8680056923
018e60ad-ceff-7f4d-a805-2edb464bcdea,018e60ae-e201-7058-a98c-60e488e521e4,8618280901
018e60ad-d051-72e9-aac0-ecd6eaa0b06b,018e60ae-c9e9-70e6-bd10-faf7de625bd1,8569035582
018e60ad-bd15-7810-943c-d2aed05f3202,018e60ae-e411-707d-9878-65c7d74d3183,8453643962
018e60ad-d7aa-76b1-b509-d511a1128af8,018e60ae-d5f3-757d-947b-a33365e931f4,8490497970
018e60ad-e0c1-787c-9aaf-e49941a5605d,018e60ae-d5ea-756c-ae18-2f42dc35dba1,8509023979
018e60ad-d9aa-7a9b-96fc-7f06d3f7c292,018e60ae-d5e1-7b31-a49e-6b8b97b06af3,8702000971
018e60ad-c69a-7dec-a95b-b1478c4a92bb,018e60ae-ee04-7e72-96da-a628e74c2b01,8640408927
018e60ad-cbe8-7cb0-8b07-a5d6202a6c88,018e60ae-d5f6-7159-bc7c-7ff62b8acbaa,8519573976
018e60ad-d081-739c-99fa-5138ba7a1379,018e60ae-e214-7615-9c91-c5c8ce8ceedb,8485990967
018e60ad-dfa9-724e-bf87-7f8b47c50b42,018e60ae-e209-77bd-997e-0aead69bf43b,8434759908
018e60ad-df16-7b6b-9a71-ad1614bc4908,018e60ae-e20f-7f1c-811e-d43b0b5388be,8454288903
018e60ad-df21-713e-98b8-99c0b20e01bf,018e60ae-e417-70c7-aae5-e89d344f5ca4,8650834905
018e60ad-c4ce-700e-b2a1-3a8f74cf07b5,018e60ae-d5dd-7b1f-a53f-05682eeb6318,8507632972
018e60ad-c380-7e1d-b7b1-a4c4a8f7e537,018e60ae-d9d3-7f65-b945-b74efb81946b,8442336978
018e60ad-dddc-7e81-95a7-df02b6708a53,018e60ae-dbd1-7440-abf0-e015945b186b,8636903900
018e60ad-cd5a-7446-b104-1e9496ddf80a,018e60ae-e809-784f-8c19-af29cf146876,8423436964
018e60ad-c463-7668-8ada-05c8cf6e3208,018e60ae-cde7-7cf5-9b32-9e2c315b9081,8534293586
018e60ad-d84b-747e-99c6-1ef1e197d308,018e60ae-d3dc-72fa-87bf-e5c9b8d192ce,8695422585
018e60ad-c8de-7f08-a8a5-05d019f64d20,018e60ae-ee0a-7902-b8cb-17a86a98dad1,8620905922
018e60ad-c17f-76c9-8db8-d65a9b56a80b,018e60ae-e811-73a4-b122-d09705f3c47f,8583361965
018e60ad-bfc7-743b-9fd3-8774312bfd99,018e60ae-ec04-7694-b349-d0c154be80c9,8581700968
018e60ad-e230-763f-a396-34ef7b11cde9,018e60ae-cfe6-7522-a13f-571b41fe54eb,8512629589
018e60ad-da6e-78fc-a495-22b12e9e8787,018e60ae-d3d8-780f-8b8c-b24ef8ac0893,8562190588
018e60ad-c92d-702e-8e1d-9272f18815cb,018e60ae-ee10-7497-9e8d-7edcf87d5786,8598600926
018e60ad-bf5a-77ea-84db-a38f3d497e1b,018e60ae-d5fc-77ce-83ff-e4b84305db3f,8590392975
018e60ad-d4db-7e42-94aa-3d6e9df4dbec,018e60ae-cddf-7189-9e1e-9eca0e9f7c66,8695025581
018e60ad-e2df-76b4-8e2b-aabc78ee8d0d,018e60ae-d5f0-7a50-b7e5-16a8f9961e25,8603020973
018e60ad-c602-759d-840b-0cd874374332,018e60ae-ea07-7035-8d48-11e1fd0f3b12,8516810969
018e60ad-c79a-7c69-a1da-55adfa7e2e08,018e60ae-e40d-78df-a7e7-d181183460b8,8579703960
018e60ad-d5da-77a2-950a-136f74fe7c2f,018e60ae-d5ed-77b2-8325-368d62daaa3e,8489309977
018e60ad-dd79-76ed-8090-3eb49d4f442e,018e60ae-ddce-7a4c-b416-196cb93c559b,8650434906
018e60ad-de8e-7518-b8db-adfb931e93e4,018e60ae-d5d3-7ac8-aa32-8b644f834272,8572652584
018e60ad-dce7-7855-bbbc-9eca24455ea5,018e60ae-ee01-7ce6-a7d5-be050a1da568,8710180920
018e60ad-dd79-7aea-af71-6f259ca3c573,018e60ae-e610-73b7-b907-e0d29f485f22,8553233961
018e60ad-d11a-75e8-9c79-e3525e49ced3,018e60ae-d5e6-7d8b-9b99-56b0eb0f0c35,8500809974
018e66bb-379f-74c5-bb40-7d41db4671a1,018e6afb-8401-7b07-bbbd-4dd05489ed1c,8540749643
018e667c-cb58-7eff-82ef-62c7ccddd5c8,018e6974-e7cf-7818-b4ee-a8b1928babf2,8583523407
018e60ad-db27-77c1-ad5e-66e83fd5820b,018e60ae-fc47-711e-978a-79daa7b80ff9,8660254934
018e60ad-d6db-7ba4-b002-0464544cb1a6,018e60af-023f-70cc-8677-559c12d5e59a,8654024911
018e60ad-dc25-749b-9bb4-1f403ac4bcd4,018e60ae-f5f5-7149-beec-5d56e9839a76,8614600937
018e60ad-c70a-7269-849e-22b71796c78c,018e60ae-f1fd-7293-945e-a847ce062ddf,8544127925
018e60ad-c991-708e-97b3-3ccdf4376ed8,018e60ae-fc3f-78dd-8f30-4f048a76ab4d,8501882917
018e60ad-cd87-752b-8b73-79a4b0bd2304,018e60af-1076-73ed-ae81-93dfd3713651,8477687957
018e60ad-d2ac-7596-9ef7-9791574831bc,018e60af-1073-7e46-a1e8-afce0f68281c,8561707951
018e60ad-d0b1-75e7-b08c-8be8c6c64530,018e60af-0c54-73ce-8df2-a4d73ae754a0,8548425945
018e60ad-cb80-72df-9cc3-0a4a9aafc2a8,018e60ae-fc4e-7e08-8bff-32352ad0926b,8488818938
018e60ad-d44f-7958-8785-01358d0bf87b,018e60af-0438-7837-ab17-02d0755c018a,8536594919
018e60ad-cdc4-7c45-a19d-c7ff2cd2ae78,018e60af-1468-7b43-9d9b-29d5105feb09,8630071954
018e60ad-c7f2-738c-9e1d-5ef146aed310,018e60af-0a2f-7795-9e85-9eda507f4a47,8620108941
018e60ad-c8de-7631-a7e1-621d5521191f,018e60af-0a46-7418-949b-e918eb5dad60,8509710942
018e60ad-c21a-73da-832f-3dbe4f8f5364,018e60af-0e69-7d0a-9476-9bd4863cbb3f,8498277950
018e60ad-e007-7f57-8927-a829c41cc910,018e60ae-f7fb-7b0a-8d8a-82ae9bfe1d34,8519290933
018e60ad-c7f2-75f3-9634-9c7e9b3fbaaf,018e60af-0a49-7209-a76b-924d41f8f30e,8483889940
018e60ad-d63c-7e2a-9dab-851fca0f3914,018e60af-0c63-765b-bbad-7ab22da086ff,8532057949
018e60ad-dfd6-72e1-9c2b-06af43598598,018e60af-186a-71e7-96ae-70da633e29fe,8531029959
018e60ad-e200-71a4-9ca9-183f1b4297e0,018e60ae-f801-7c9c-9516-9b17ebc32338,8569005931
018e60ad-daf9-7de2-82b8-84afa09db5a7,018e60af-0a4c-7516-9a6d-c8e524195863,8581900943
018e60ad-d1ed-7f6b-8165-5ae9f626e0ed,018e60af-1068-7136-847a-ef303233e630,8567671956
018e60ad-db8e-739e-b39e-97fcaf4272d3,018e60af-1861-7a43-939b-1f13172ae15f,8539153997
018e60ad-d0ec-73d3-9291-13bfd11c27cb,018e60af-0635-75ed-bdd0-cebfaea931e7,8499043918
018e60ad-d1b2-7ea6-9d26-ed0e0d12e121,018e60af-1070-7d91-976e-b66a02e56cec,8515278948
018e60ad-c7a1-7d88-8c6c-26bd1f7c0843,018e60af-0040-74e7-a462-5c6d89b20f99,8491742913
018e60ad-d389-707f-a2e6-b29c6ec99dfd,018e60af-0035-75af-8f1f-6364a219b9d9,8678023910
018e60ad-c9a9-7bb0-8916-15d5ac482abb,018e60ae-fbf3-7911-bc3b-6b0d94d4b023,8545348935
018e60ad-deef-7509-8f17-47673b451914,018e60af-107c-780e-b6fb-d88c92ab87e6,8641210953
018e60ad-bdd3-74a3-935c-ba9b9f16fdc5,018e60ae-f008-7314-8f85-92a1d777bdeb,8595564921
018e60ad-e11d-7f32-be25-a64568a5c708,018e60af-0a40-7f39-b094-056d6f1d5e90,8434238947
018e60ad-d84b-71a0-8ba7-412a518f7fb4,018e60ae-f603-78cd-82ee-419488b1325f,8460849936
018e60ad-e1ce-76cd-8245-7d208b66f544,018e60ae-fc43-7c0b-bc26-3f6606a9d669,8632331916
018e60ad-d542-78be-9889-f2c325155c5c,018e60ae-fc51-7d37-aa44-e52c30db1153,8464881939
018e60ad-d6db-7cc4-9e59-be8650fcd583,018e60af-1666-7055-865f-649c08151885,8557812955
018e60ad-d1ba-7177-aa15-fe5f0ce791c4,018e60ae-f644-7fb8-955f-dd1204406a5a,8700404930
018e60ad-cd51-7378-afcd-9bed36c55531,018e60af-0a37-719e-9392-cbc515bf8b2b,8508691946
018e66c9-68d8-768a-900f-584a80d2ad74,018e6afb-9306-7140-a2d3-ccd718e205e4,8540376264
018e60ad-da3e-7d5f-9735-0254c4814c02,018e60af-1874-747e-8c16-b423633a825a,8382995958
018e63de-490d-7788-b27d-5268d695bcde,018e63de-6d91-7354-84af-f352c0a1cbee,8494955860
018e63de-5c05-7409-828c-ba12d64457ee,018e63df-b232-7da9-8914-dc169bcd55a7,8477496234
018e667a-d47b-7eb2-bb30-c5b0611a967c,018e6974-e7d1-7b1d-9b7b-09cf43b12a87,8474076459
018e63de-442f-70db-bb37-7477a488b2bd,018e63de-6786-7be5-aeb5-48e492ff2f09,8600044807
018e50ec-2be0-7758-a761-5f3f928cd136,018e50f0-31a5-7435-ade1-9f04febe7a73,8648172067
018e4116-7631-7c3b-9be8-e3ad93244524,018e4f94-d07e-79c5-a459-d7adc5855e87,8900000001
018e60ad-d3b7-7443-82a1-9126ef1f5675,018e60af-1a6e-7fb3-8695-338fa79f1c93,8459743995
018e60ad-cc19-7ecd-b472-02dab3445784,018e60af-1a72-7084-b6e7-08491f7ff86d,8412969991
018e63de-4989-7d30-a4c6-1e641c2d6a83,018e63de-6170-77c5-8b23-e19091e86ccb,8443688871
018e60ad-d8dc-78b8-9432-9bc616773fa7,018e60af-246a-701e-a28d-03c93bd9b09a,8621300989
018e60ad-d25e-77a6-8874-479a14a25e4c,018e60af-226f-73ea-832b-e557863ade3c,8524243986
018e60ad-d7aa-7fcc-b985-8721cc3cb5b0,018e60af-2063-71f6-8135-8303715775b1,8502544980
018e60ad-da77-7974-9626-801a772f0616,018e60af-285f-79b3-b394-4a3c6bb14b2f,8589030870
018e63de-48f6-7f4a-b02b-28e4263bbcab,018e63de-6d8e-727f-a505-e83e165a7513,8484745805
018e63de-442f-7919-a471-49f91b92686c,018e63de-6782-7e9e-abc4-31489a9c440a,8494520879
018e60ad-d8e4-7044-97e3-54656cd70b17,018e60af-206b-7321-8319-85386cdd86e7,8429724987
018e63de-4a27-72f6-bcb9-554ddf68a946,018e63de-677b-788f-904c-f764e06321f9,8518742875
018e63de-48a1-7827-a373-7ad861664172,018e63de-616c-7a9a-bbd9-cfd7c9e25c5d,8500893872
018e63de-442f-7981-8887-d5143ca8ae95,018e63de-697c-7a30-82a2-be054a662cd5,8524842800
018e63de-4985-7880-bd4b-6b7949d73d64,018e63de-6160-7772-a12a-e2fce207175e,8523809876
018e63de-4a27-7a96-ada8-93ca1509ad37,018e63de-6389-7644-b0e2-588ab87a3431,8419238873
018e60ad-da3e-7728-a81d-6e73e53aa66e,018e60af-2666-7abf-8eab-df39384b101c,8570093877
018e63de-4a0d-7b10-80fb-7be2c7c22715,018e63de-638d-73c5-9d24-12b8d562ff82,8438184874
018e60ad-cf64-77a8-bf9e-6b6a7a26bf7c,018e60af-1871-79f7-a0b9-a80f61c58110,8556202992
018e60ad-de84-7776-b203-8f6f9a1be4aa,018e60af-2470-7d2d-96c4-22cae3daf222,8508065981
018e60ad-cc81-7e83-8c56-143a68dea80b,018e60af-1c68-7542-9c82-eaeceecdceb1,8284939999
018e60ad-e25d-73cd-8c3f-790ef0e71289,018e60af-2463-74a3-b3ab-407a3bef7cab,8506451984
018e63de-4ab2-7b51-a9bf-d76b7bae0554,018e63de-6b8b-7abc-994a-198691fd06c2,8555634808
018e60ad-d5ac-76ec-a9b4-e0cac36cb3e0,018e60af-2663-7218-a516-3aeec01ff7f8,8580009988
018e60ad-d14a-7dda-8fcc-a23da7de3d0f,018e60af-1a79-7365-ae4b-1aefacd67518,8540026993
018e60ad-d7e3-7842-8ca3-ff9226b0114e,018e60af-1a65-7152-b87f-62a0d63d7436,8503660996
018e60ad-d614-758d-82aa-c060dcaf1b63,018e60af-2268-75be-9168-354262cb9bbd,8424738982
018e63de-48f6-773c-ba16-f8a324f0ecc3,018e63de-6789-78e9-acab-ccb28b16b6e0,8542504878
018e60ad-de0b-7a2a-9386-7931ac98db04,018e60af-246d-74fa-bcaf-a8052eef08b1,8645310985
018e63de-48a0-79be-9180-9ba32ec18a81,018e63de-6d81-7342-ac1a-9356f7bf1a7a,8473445867
018e63de-4989-77c4-baea-2d33c922635f,018e63de-698c-7321-a547-11d6a1689ceb,8602904802
018e63de-59de-7107-8742-2899eeaf3dec,018e63df-b22b-7d14-b747-3096fc876077,8640595216
018e63de-952e-7a37-a320-4a09fc7aa112,018e63df-b02e-744e-bd44-7d30a0d32d62,8612809230
018e66cd-ef23-7645-831a-304302c8e828,018e6afb-9758-7442-835b-838c61f93cfa,8732351645
018e63de-4a13-7d22-bc87-fd5a5f921209,018e63de-71ee-72b6-b44c-9fe246304088,8530614869
018e63de-505c-72a4-9d59-e4672b993723,018e63de-7f72-7dde-bf0a-f1e14bd77df3,8603080832
018e63de-4b9b-734d-b1e3-e1760b8a0fa6,018e63de-87bd-76b9-8b1e-918eed559f8f,8579460812
018e63de-4af8-7151-9550-c923558bc345,018e63de-91c9-7cc1-9aff-d26c1ffe60c9,8544750857
018e63de-4a23-7cd5-a279-12b69de4487c,018e63de-7948-7f90-867f-e3429e0d3756,8660055863
018e63de-4a79-7db9-9e34-428f503f1e48,018e63de-7b87-795c-a090-f8c0eeebeb46,8704400821
018e63de-4ab7-7e2d-b541-23484957a7c3,018e63de-7f79-71c5-ab61-aaf23662aa4d,8695323830
018e63de-4947-7e8a-abe9-47c92b2718f2,018e63de-89d2-7247-9392-e7bea002dfe6,8551127847
018e63de-4cfc-7f91-b030-1e4f4ce0d577,018e63de-71ea-7ef5-b2ec-f666b8b64689,8575850864
018e63de-493e-7277-bdb3-dce44e66933e,018e63de-7958-7c63-85a1-33e0e079a521,8563637826
018e63de-4a4b-7a55-bdd1-c57bc943d20d,018e63de-6fd8-7d25-ba01-e8aede49073f,8615505862
018e63de-48ad-7eae-82b5-b1a1cccd730f,018e63de-85c2-7f96-9e55-e5c400a7f241,8522673838
018e63de-4a4c-7b45-97e1-6c1d6ca06900,018e63de-7d78-7e08-a90d-5b012c160beb,8512345828
018e63de-48a0-7b79-98db-835c23346f5e,018e63de-8585-7822-ab54-ca39fc8887ce,8573819810
018e63de-4944-724c-8915-c024cb3cc9d1,018e63de-7221-75ed-8601-32dd3ceff7fa,8594420806
018e63de-4968-7a8f-a32c-1daf9f4b1f4f,018e63de-8fc3-7950-a95b-083ae1fc3e8a,8537786842
018e63de-495c-719e-bab0-989bcc2b982a,018e63de-8380-7fd8-9956-3eb6e0490860,8681702835
018e63de-4b19-70c7-80fe-590a4f155ced,018e63de-7b78-72de-8c7f-77d0f461d17a,8476824829
018e63de-4b18-7f40-9d90-fc169cb4ac65,018e63de-7b83-7621-895e-5f9acbebfc9c,8577040823
018e63de-442f-762f-9b79-7dbc2a17fdbb,018e63de-7469-7791-b204-f80e88f28a2d,8421946868
018e63de-4bca-7604-9b2b-5d4704191877,018e63de-7924-757b-b2ee-6d49d61dad40,8765101865
018e63de-4940-7b54-b13c-590ca110e0b8,018e63de-8582-7834-b8c5-6a72a5756cbd,8640606824
018e63de-49b2-7b1b-a37c-43df200719a3,018e63de-7d75-7567-81fa-dbec3f957a9a,8594852837
018e63de-48a0-7adc-b5b2-66cfa903729f,018e63de-85bc-7c3f-bdb8-81dcc8341621,8576209813
018e63de-48a0-70cc-bf5c-7391c818bfd1,018e63de-6f8d-71e8-b5bd-759998b4ec35,8604964801
018e63de-4a96-72dd-87ea-28bae81c0c4b,018e63de-7f7c-7488-bd18-f016fe8095e5,8552238836
018e63de-4bcd-73a3-adf2-dd0673a46acd,018e63de-8372-710a-a8a5-f9659f36e31d,8460827839
018e63de-4a9c-7796-bf9e-9d206b993665,018e63de-89c6-78fe-9e62-315245d4d66f,8700712815
018e63de-4bb8-7198-abb2-44ca27fa20a1,018e63de-7960-7ee4-9552-37429d20cd3a,8513674822
018e63de-4a81-78dc-944c-0ccceba8e9d1,018e63de-8fc7-7e86-827c-717158b0014d,8538267843
018e63de-4d06-77c4-ab5a-0f147622ef09,018e63de-7b70-76c4-8486-08efb47dd037,8650562825
018e63de-48a0-7d19-8213-bf2ad6105767,018e63de-723e-7291-bdc7-6848ec6d603a,8570446803
018e63de-4afc-767e-ac0b-ad401ac6134b,018e63de-748c-7a37-b7c8-2a9eb9ccaa5b,8626133820
018e63de-4ed8-7080-bc26-d5bf33872347,018e63de-89cd-7848-a630-0583cb29f124,8542812818
018e63de-4f60-72d5-90e1-ca0bd073587e,018e63de-8579-767a-904d-a03bd7ce396e,8700401831
018e63de-5403-76c9-8d79-7c5441ea1f9d,018e63de-85bf-73f5-99f2-ef9f0fcd8369,8639401814
018e63de-5445-7164-9d7b-9879b4be51d0,018e63de-8fce-7c93-8ad3-dde61341156a,8562377840
018e63de-55ca-7c7b-8590-025a75b15c62,018e63de-87ba-788f-b2c1-6a36b899c28a,8611196816
018e63de-504e-7f4f-8307-4f61917c18ec,018e63de-87c0-713a-9cc5-e6b19d31b7b6,8580890811
018e66af-e9ff-7e54-8660-48004477cf09,018e6afb-9b45-7609-a031-938069ee6e83,8664254215
018e6532-cfd9-7b52-9e0d-2c287caba8d1,018e6974-e7d9-726b-aef0-b1e1f1b7226a,8434329495
018e63de-4c7e-7d97-ae84-85b41c27d5c4,018e63de-a861-7ffd-b47b-decdcb3978df,8506049776
018e63de-4b93-7220-96f2-db7a364c8aef,018e63de-9400-75ac-b116-799d6fd8088e,8680306856
018e63de-4d26-723d-baf2-9e56c81f1664,018e63de-a04d-7072-bf04-8a6d197e3b3e,8582342895
018e63de-49cc-71a1-8e63-085a04ad1063,018e63de-a856-70be-b980-2b3952b274a2,8444691772
018e63de-4b64-796f-a555-48751eb596dc,018e63de-a252-7d1a-9a67-49e868f214a6,8447624894
018e63de-4a61-736f-8e3c-ea8493fba5f4,018e63de-9609-71f2-b33a-96d48a5742e9,8755000850
018e63de-48f1-73a9-8bba-b4e2b21b74f6,018e63de-9a51-7585-94c8-86c3e78940b4,8439744892
018e63de-4d14-7e24-add9-7de0ce52c24a,018e63de-aa57-753f-ab02-5f660b8451ff,8501388888
018e63de-4be6-71e9-9433-fdc60389cfdf,018e63de-9643-7000-ada6-d54d01a32e9e,8620760852
018e63de-4ea0-792a-a681-661034d156c2,018e63de-9c4a-7066-96f2-d09987065697,8464321899
018e63de-4d8a-7023-bc51-8305b641bed6,018e63de-95f8-7b20-8658-117d3afb88a3,8645123845
018e63de-493b-7ee9-9205-bd1a04c3e74a,018e63de-a646-72cf-b902-fc6f0ecd1372,8587952880
018e63de-49d1-7d00-b5b7-e156f230c701,018e63de-a047-70a6-927e-3d98237d2fd6,8540323897
018e63de-4eb4-7c39-a326-bde7922376eb,018e63de-9a0e-7712-bf9e-1c26a390f12d,8513194896
018e63de-49ce-7621-9853-328efdcfd3f7,018e63de-9606-7574-8f32-673bc5a1bdcf,8433845848
018e63de-4b37-7591-8e4a-0321b07eab98,018e63de-ae91-7854-bc65-3899205950bc,8497850779
018e63de-54dd-7672-81aa-04eb9415f4a0,018e63de-91d2-7b84-ab51-6b50ab71415c,8497378846
018e63de-4a8a-7b99-b212-55eeed3a2419,018e63de-b095-7833-ae6c-787fda4440be,8551640771
018e63de-4ad0-77de-8886-3d686bf9f001,018e63de-9e50-75e5-8ee2-a8ef79f29d5d,8502017898
018e63de-4ad2-76a7-ba15-03ff224e2eed,018e63de-91d0-76b3-b547-63dc9df103e5,8601521819
018e63de-4b30-7ba1-a6cb-3119ab911770,018e63de-a454-7c4d-9e5f-717c007966a8,8423618889
018e63de-4b16-7259-9ee3-626989105e3f,018e63de-a44b-7324-82ad-198a0a499fce,8587502858
018e63de-4b64-75c4-8f1f-c70b5aa25c63,018e63de-a84b-7bd6-a426-e726bf51e536,8587276777
018e63de-4afc-7acc-957c-57e257a0c4c9,018e63de-a44e-7694-b91a-8b4a4fa844a2,8512303884
018e63de-48f6-74a2-9f40-a1b5d5f06d85,018e63de-93c3-733b-9492-20c36e940131,8607352844
018e63de-48a0-754c-8187-2f8b5fc9ba5d,018e63de-960c-77fd-9a4e-199dd2f0041a,8585077855
018e63de-4986-733b-848c-6d0952d21853,018e63de-91d8-7f3f-9db4-fda7424da27b,8502534849
018e63de-4af7-7bfa-a0e4-db856b1f4322,018e63de-91d5-7c7b-ace2-a75a2b6da790,8658500833
018e63de-5449-7285-b07a-fda3b9ce3bae,018e63de-97fe-78ec-b019-e58c6653236d,8527670859
018e63de-54c8-7bac-8d1b-8cafc47087f9,018e63de-9a49-73ad-8d9e-9d0b9743f28f,8574272891
018e63de-5636-7374-be79-426a388aceb8,018e63de-a444-7d9d-acf0-0032dc79908a,8560662883
018e63de-5194-71f9-9b80-e5db29f92aae,018e63de-a85a-7727-ba5a-0211390d8343,8586620881
018e63de-568d-7ac9-8921-20eb8d04c968,018e63de-aa69-7880-b934-d94857531a83,8590931885
018e63de-516c-7c56-8f77-122bfd2545ba,018e63de-a64f-7c69-aace-6c39cfeec342,8572206882
018e63de-5083-78e8-9b5d-1afb02f00903,018e63de-9e49-7c26-8176-65bf3aac7699,8404447893
018e63de-51e8-7cd8-9f2a-3d0f96d7c7ce,018e63de-ae98-75b0-bcb8-3f04efbed5f7,8627464770
018e63de-4fd7-7c40-b334-d7ccc767f659,018e63de-b098-72ab-a356-ea21315476ee,8595404778
018e66ce-b8cb-730a-9af1-ae605e72cc96,018e6afb-9fb7-7f7a-b4d1-6f1c210ea71a,8409978283
018e6671-c9b8-7503-9cf9-ea10a55536e7,018e6974-e7d9-78a4-9838-6932350aab81,8616285518
018e63de-4fdb-774d-ada4-ceee08862297,018e63de-bb05-7938-a8c5-511c517c0277,8633330761
018e63de-4af7-78c3-aa1c-719f86c70643,018e63de-c73f-7837-b66c-c5bcdcc60fb5,8570915729
018e63de-4e57-7839-8e26-b90e5be7096b,018e63de-b909-7743-99e7-def2be2e0c8e,8623310767
018e63de-4936-7744-aea3-235b8a5f632e,018e63de-b48c-74da-9c7a-471a698f3d2f,8628972705
018e63de-442f-7a23-b16d-578b8ca3aac8,018e63de-c33e-7199-b406-9612e72be09d,8576510768
018e63de-4d1d-7442-a0e6-f9bcce99bdbe,018e63de-befd-7427-b1fd-4268e42d5e8e,8513506764
018e63de-4c1f-7e12-91a3-f98c319fb8b1,018e63de-c74a-795b-9b07-2e59292b9241,8611108727
018e63de-4da8-7c0a-83b4-43162825d068,018e63de-c943-73a7-b432-df008457033c,8626461769
018e63de-4986-78ab-a9a2-c40e98dc6b14,018e63de-cd9d-7843-a186-fdf360fb0516,8614023736
018e63de-4c4d-7753-87f1-03a645a1c7b9,018e63de-b8fd-78b8-8f64-c8b16c4854bb,8602431708
018e63de-4ad8-717e-872f-eb4bc8539f79,018e63de-cb48-74c0-bb30-2b55d02bd395,8528972731
018e63de-48f6-720c-8f2d-0cd4d3b29fe4,018e63de-c74d-7d0a-8892-b116974094a3,8640720724
018e63de-4c6f-7b1f-b403-6cb22a9fbaf6,018e63de-b6b8-71ad-afcc-78b3bba99b9f,8606397702
018e63de-4a83-721b-ac13-8163c7b26414,018e63de-cd93-721f-af45-50061bc30636,8662901725
018e63de-4c8d-71fa-8dba-f5d114d60d99,018e63de-cb53-7a0e-9256-30d30c934878,8542538735
018e63de-4c7e-7f20-ae03-d9227f4f0a5a,018e63de-cd53-794b-8fea-c9ab00be3f1c,8660631717
018e63de-4d19-73d2-9eb4-9038405f0436,018e63de-cb50-7999-9495-178498dfb5a0,8611057728
018e63de-4a23-7088-bfe0-3fd53f30b0ac,018e63de-b496-7cc6-b9e0-2d6953673a05,8577123709
018e63de-4cf0-7d1f-9b5a-ab7f4ecfa14f,018e63de-c13c-7ed2-a1c0-f1cc956d1d50,8569802721
018e63de-4f22-7b4a-884c-b5558eb2d214,018e63de-c336-7f10-8049-cf6d5c3a311f,8640783720
018e63de-49d5-75a9-8823-b61892c569bc,018e63de-b28c-7d87-aec7-c8a2ac09f35b,8609070703
018e63de-4944-7930-aa25-193b65c281dd,018e63de-cd9a-7714-ae89-e0f8be5a6f8e,8701753716
018e63de-4a4b-71a9-add2-5ec414993894,018e63de-cb59-71a0-b2ab-27c763961c16,8615974737
018e63de-4b32-77dc-8a01-51879f6e3a27,018e63de-c742-71fc-af39-d20cd42b2a30,8543079722
018e63de-4ad7-794b-b9c3-397d26d69fd6,018e63de-cf95-7303-a01b-adce023f1856,8487823734
018e63de-4a07-7932-824e-40ae677995e0,018e63de-b905-7e82-a4f7-671421b93def,8494733763
018e63de-49df-756c-84df-17a40e1f5468,018e63de-b6fe-773a-b16e-5b021ae1568e,8580444766
018e63de-5236-789e-ae00-b8cea58870bc,018e63de-b4a6-7ab0-bf87-941f3ec07a9a,8499714773
018e63de-51ef-7246-ad22-a1eaf61cd282,018e63de-bb0d-7652-8086-f923872e6e64,8681604760
018e63de-5207-74a5-93f4-6552d488ae95,018e63de-bf09-7cbb-ac25-392d57a3ae25,8538337726
018e63de-51d4-7d57-9c73-84a50a358c52,018e63de-cf98-76c4-a635-c29b6a3ad1d9,8648303738
018e63de-534d-7e7f-884b-9917d7187425,018e63de-d3bd-7609-9e87-38b08610d85c,8609113719
018e63de-5252-78ea-84d4-1ed77cbbee74,018e63de-bf05-7938-9826-8f08362f3b9d,8504443762
018e63de-5987-7bb2-95f2-2aca88c1d22f,018e63de-cf8c-7109-ac61-e782ab06e19f,8493487733
018e63de-6daf-75b6-85e7-20da0aaceab9,018e63de-d3c5-70dd-a52c-1a1b184807a3,8701069740
018e63de-5856-728f-bb2a-28836ff2f9d7,018e63de-c130-73f7-a3fb-0f53b47cfcdf,8637090723
018e63de-56f1-784a-ba41-69a25d5c55e3,018e63de-c94e-71d8-9dd6-065962706e69,8657442730
018e63de-5439-7e95-bc3d-6ab7f4210450,018e63de-b499-79c8-bf4a-a3c6caff87af,8624526700
018e66d1-ea7e-7bfe-8840-e3b242eefc9d,018e6afb-9d99-7a3d-9eec-19c30f4730d5,8640690375
018e63de-4b64-7ebd-a3ae-2610f6d56ef3,018e63de-dc12-7c55-b867-443b9d2b1c11,8617406756
018e63de-5330-74ca-97b3-028c8c6533a1,018e63de-d5bd-71fc-af2a-9a8463e340b6,8676294711
018e63de-4cb8-771d-976b-698d785f2393,018e63de-e210-7367-8555-82e7e014303a,8681370750
018e63de-4b96-74b8-9a81-5a06d5deb47e,018e63de-e008-7b4e-9710-dca9b46139d6,8578082755
018e63de-4cdd-7913-ae8b-6f81f3264ce7,018e63de-d3cc-7abd-84ca-86911cf9d449,8645436712
018e63de-4d3f-77be-9e8c-005cae0d8710,018e63de-d3c8-7bd3-a50a-39147f1c804d,8631831718
018e63de-4ed6-7b51-bc78-4aeffaa3059f,018e63de-e201-72d8-8801-fe04361f7382,8522243758
018e63de-4cc7-7503-8b07-07ac8fe0f22e,018e63de-d9c6-74c8-aedc-8007b57456d8,8564019749
018e63de-4d9e-7654-99d2-07123c90c624,018e63de-d9fe-7547-8f0e-3d606a7ff73d,8530644743
018e63de-4d50-7851-bd4b-886dab90998f,018e63de-f6af-7664-b3ce-e666a4c989a2,8614073072
018e63de-4ee7-77fe-a03d-3db430a938fa,018e63de-d9c2-7a4b-9e13-53c04cb8d12a,8573469713
018e63de-4be7-7a6e-9f20-1a3715886057,018e63de-f278-77d9-a5c6-75e16ccc9344,8660007787
018e63de-4d3c-7822-8257-35b1becca297,018e63de-dc04-7702-a131-11525a538dbe,8646041745
018e63de-4e67-7d1c-86d8-a4283b2cc734,018e63de-da01-7ec3-a853-9345a63f06e7,8573080739
018e63de-4f2c-71d9-832e-afb899bd4914,018e63de-ec8e-7c0a-a319-724939686e89,8517147786
018e63de-4ee5-7bb8-a05c-f1f1f035161e,018e63de-f2b7-7318-a965-de0d76a2b17a,8506708788
018e63de-4f24-74f9-a483-31aef8f91653,018e63de-e441-7031-bcb3-58ace839860a,8481459794
018e63de-49bc-7ecf-b3c4-1be4c7736d40,018e63de-e44b-783f-ac7a-33c1d6f37b1b,8574155796
018e63de-4e9e-7fba-9259-de7a558f5127,018e63de-d9c9-7a1d-9e50-f61584de0757,8379849714
018e63de-6dcc-72d0-a6b4-b2e30f71ae89,018e63de-de09-7bba-9aad-ceeb3cbcf3ab,8534164744
018e63de-5591-7f2f-add0-c1628d567959,018e63de-e20b-7c33-b943-48b2dfeee58c,8459717757
018e63de-4fc1-7b83-a49b-18f619f2dc63,018e63de-ec91-7f5b-8978-025d7c65a25a,8534234797
018e63de-4f7c-746e-bae7-f2360483a189,018e63de-de06-791b-983d-0e115eb2487d,8580963752
018e63de-5845-752e-a05b-fe2080963bc0,018e63de-f081-73d0-85a1-b424ece0155b,8586200784
018e63de-5c1e-76b5-bb5d-8fc92d43c71d,018e63de-ea84-7482-a01b-7026d55eb156,8650374780
018e63de-53d9-763d-8c68-4979569d6b1c,018e63de-f2c0-7c7d-8d46-d6b943a87adb,8592700798
018e63de-5280-7538-a507-721990689c8d,018e63de-e208-770c-805e-e28dea865fed,8538624759
018e63de-55a7-7e15-b25b-f77ddc396866,018e63de-e875-7455-bbc7-bfb14bd0cfad,8389988754
018e63de-514e-718f-ac71-f592cd698ebf,018e63de-e63f-707e-bb98-9e14547aa094,8513698751
018e63de-538e-7f69-b639-12433893d35c,018e63de-f2ba-7354-97ca-7d588bae2e34,8670680077
018e63de-5252-70d3-921c-8ab8cb152b39,018e63de-f6ab-7887-9710-a3f0597f35ef,8605592795
018e63de-6835-72f0-b8e4-fca6ed595e7f,018e63de-f6a2-7af3-ae3e-9f1b35a0b63a,8645554792
018e63de-511e-7467-bebc-8b9786bc3332,018e63de-ec83-7ead-8c2f-0bce5c944d90,8563345790
018e63de-613b-74e7-ab74-86e4175f7b01,018e63de-d7b8-7110-9167-c90e91e49923,8504446741
018e63de-675b-7114-8faa-bcea13eb5ae7,018e63de-d7bf-70ae-af3c-1c821b10dab8,8664091715
018e63de-54b9-7c4d-9490-8beb0ba789c7,018e63de-e444-7534-bae6-e46c844c3c88,8621091748
018e63de-5068-7e95-9ff0-3eacbbdd7881,018e63de-e42e-7b79-b4ed-b8be8ca2c26f,8545341793
018e63de-4f89-7059-8d68-c9bf4cb24770,018e63de-ea8f-7baf-9246-a9b1e8d125dc,8519420799
018e63de-5e32-7e90-bb95-00ef3438d48c,018e63de-ec8a-7883-b3fe-ba3221f0b45b,8524615791
018e66d4-1590-7169-b6d8-c180e06d604c,018e6afb-a452-79f0-8f72-44aa7136802b,8590714368
018e63de-4c6f-731e-ae8c-b48d1dbee104,018e63df-150f-760b-8f7a-cb23f41feef4,8707180035
018e63de-5ea0-7bb2-9a71-7098786642a4,018e63de-f8a7-735b-9be4-54c359506bac,8620606785
018e63de-4e9d-7718-b5df-73bc2350c2fd,018e63df-1524-7adf-8073-8a4e195fcf46,8640078034
018e63de-4d87-7c13-96b7-a2db1b510ca0,018e63df-0ee9-73c0-9fd5-5f0322cf1084,8690530024
018e63de-4ce6-72ce-8cab-aeefa92c4f76,018e63df-02c3-71e9-a750-73495d6bd81b,8653125006
018e63de-4cad-7dd9-8f04-b40e4eff14a3,018e63df-00cd-7621-a4aa-1d78a537750a,8760007075
018e63de-4b62-7baf-9392-f3c258d37420,018e63df-10ea-7238-b588-886019c5b758,8609501068
018e63de-4ad2-721d-9b12-ae8eb83184b0,018e63de-feb6-7571-ab88-81f225f070dc,8609600074
018e63de-4cb9-75b4-98e4-6de4830fa9fa,018e63de-fcae-70ac-a9c6-fdeaa73c62ee,8845032000
018e63de-4b1c-78e5-8aca-6be4225f4479,018e63df-08e4-7579-94a0-368af195c7e2,8650818027
018e63de-4f29-71dc-ad83-056874fae877,018e63df-06c6-715a-888e-421299620a8b,8600690069
018e63de-5092-7f6b-bc06-53f0c6ca013e,018e63df-08d4-7fef-a0f8-53c9a6548b92,8700771008
018e63de-5d2f-7881-a536-20661346da6d,018e63df-10e3-76e4-98c6-822912181ef3,8680687030
018e63de-4fc2-7893-99d5-53b65d024dd2,018e63df-04d4-79ce-bbca-8aaab3f51b07,8594058004
018e63de-58a1-7e91-8bc0-97f04e1dfa86,018e63de-fca3-7a87-ab6a-1b93830afd16,8598804070
018e63de-60a5-749d-ac2d-411c1bf3f0d1,018e63df-04d1-7dce-976d-aab10559a481,8765280005
018e63de-4fdd-7045-b74f-45d01e1e0d05,018e63de-fcb8-7ea7-a730-84747e427077,8635545001
018e63de-4f74-70a8-8e03-fb6ad3c4afe4,018e63df-10ef-72d1-8037-a6c312366424,8623408037
018e63de-6410-75b5-86de-46a82053d19a,018e63de-f8b7-728f-a8e2-b66f41a69d8b,8577515078
018e63de-5893-7f0a-9018-a53b958424cc,018e63df-08e1-7e65-a447-3f9c40d9c827,8741780020
018e63de-58d6-7f9f-89fe-8d863b34c539,018e63df-1527-7e75-a32e-00d1a1f55f13,8713606025
018e63de-53af-7c64-997c-d2928e3aa2d9,018e63df-1722-7370-a524-03ffa4d3fc82,8770110038
018e63de-7160-75fa-93af-88704f351402,018e63de-f8ac-7b0d-8684-0e1af8ff1e3d,8620771079
018e63de-50b4-7b08-a3ad-82e441c91cd7,018e63df-0adf-7068-a24a-6b8aba14713e,8599609065
018e63de-54e4-744f-ab4a-394b4716e0dc,018e63de-fec0-76ce-b2af-34fa60b7fdf3,8567039073
018e63de-5b89-748a-9e92-48018c352977,018e63df-04c0-785e-a247-c93b96288ed1,8707061063
018e63de-5807-780a-9aa5-a9169420f3ff,018e63df-00d2-75d5-8cf6-6379f9643d80,8581985060
018e63de-4fec-75c1-ba76-b9dea5d82565,018e63df-10ed-75ee-b772-6dba6646a481,8800004022
018e63de-5c1c-7ce8-86f1-1748a9c3974c,018e63df-04c8-74df-84ad-6013956b88b3,8605976062
018e63de-64bd-77d4-9733-ca1c84853d1a,018e63de-f8a4-7cae-9d03-7c440945b575,8653090071
018e63de-5ab9-73c5-9406-068531bdfb23,018e63df-0af1-7452-9de0-6760f1a3780d,8601190064
018e63de-7c78-7938-876e-e936becfdae0,018e63df-00c7-7a3a-ac42-6437841a3713,8527818067
018e63de-5945-7a40-9a69-2a0d2315517e,018e63df-0cea-77d0-8361-09d022625168,8624703021
018e63de-4f91-7212-9f14-e9942482d061,018e63df-1725-7c05-9e29-adda925c1fe7,8731108017
018e63de-4f74-71f9-bd76-910925f2fa23,018e63de-faa5-7a12-a390-6abbe2857576,8567086783
018e63de-5b48-7d1a-b3f4-fac5d44dbb41,018e63df-04ce-7356-8dd0-eec054625a3e,8675654003
018e63de-556b-70f0-b786-f33380c7e6d5,018e63df-0ee6-7783-ad34-8e409629fbf4,8608857066
018e63de-5523-7957-a695-6f6e1d1cf44c,018e63df-0aed-7f79-8381-4e3637f9ce49,8646019061
018e63de-5bdd-7b91-aade-d150b95907fd,018e63df-12e2-74a0-8e0e-9f8e77fe0498,8798100026
018e63de-4fe2-7672-84cf-8768cc4ba790,018e63df-00bd-7f48-8c3a-d8ebcde119c2,8648407009
018e66c2-4166-7601-ba86-aa9cfd234aaf,018e6afb-a254-78da-a29a-f5f66ec7af8f,8680059286
018e667c-f2af-7e16-a3f4-902383516492,018e6974-e7e1-7dc8-a189-3fe9f4cc635e,8705600546
018e63de-58fe-746b-993b-f5f862518fe1,018e63df-172b-769c-b5d4-564ed2d9b976,8690663029
018e63de-4cc3-7cc7-a1ba-ec539aef1ac3,018e63df-2593-7767-9fb1-30b25d650d7f,8606299047
018e63de-4dcb-7e23-b453-221fb1b78898,018e63df-1d5a-766d-a444-a582a91d0f80,8559295040
018e63de-4d08-7a3c-802a-9a8efa90de5c,018e63df-239d-7828-a7a1-e64e60f435bf,8552277049
018e63de-4c88-76b5-b4e8-4d6bb7547fc0,018e63df-1d4f-7a71-bdda-bc5093b13f9e,8586830028
018e63de-4e55-72d5-8af9-c959419f7228,018e63df-31e9-70fd-8d1f-2eb727177e40,8728161055
018e63de-4cc7-779d-ac20-ab287207b87f,018e63df-279f-76d0-a7c1-167356a4eba0,8705081042
018e63de-6a74-78db-8cec-adad580efc0f,018e63df-1921-7279-9879-3cb9270c460d,8657806012
018e63de-8972-7b4b-888b-98ed72a2b1ac,018e63df-192a-76e8-ab13-7f21f89994b6,8806030011
018e63de-7de1-70b3-aec8-ae1532e19a00,018e63df-2398-78b9-abdb-269ed45090fa,8720863013
018e63de-5393-70ec-a360-95815f72fe9d,018e63df-2fe8-7453-b2ad-2e6b75113c5f,8677570048
018e63de-5ce1-72d9-8aba-07dc94bbd896,018e63df-2be8-7bc2-aecd-1109496cb413,8594172044
018e63de-5377-7b84-9f0c-fc18ed09557c,018e63df-2197-70a6-9941-1f158cd4408d,8758070016
018e63de-54b8-7266-a9d6-9657994c9640,018e63df-278f-753a-a863-2e6fcd033adf,8628814043
018e63de-5532-7f9d-945d-b385bc2e78c5,018e63df-2392-7f66-9845-c4a9a2237532,8750172015
018e63de-5ea0-7471-a091-dfdf076f4b84,018e63df-384c-7b7d-9eba-e822d7e32ff8,8538538092
018e63de-530d-7baf-89d3-596fe4553df3,018e63df-2ff4-7942-a446-4a875585f1cf,8543883096
018e63de-5595-7443-ab97-076fbc6cde54,018e63df-31e2-732f-b0d2-a92737338739,8578972091
018e63de-5d43-7d6e-a099-256dc39deb70,018e63df-2fee-7219-94cb-8ff316cdd8b1,8587408057
018e63de-50fe-7943-8941-7905f7a08115,018e63df-3854-720a-85be-24b4985f0e2c,8702056082
018e63de-5657-7488-b890-4dfc650d4637,018e63df-3446-73e4-afa7-da14d76c448d,8655232087
018e63de-52a7-7461-b464-7d9ab65b6b9d,018e63df-3443-7f95-aab7-13a14e7838e7,8692208051
018e63de-54bc-746a-8e6e-1a3de230171e,018e63df-343a-73a2-96d0-52c076ad9828,8602727095
018e63de-50dc-74d8-b4a3-b18579683917,018e63df-29b5-76a6-a4da-8c3f766834e0,8613220053
018e63de-58d1-7dd4-b700-6ac0d47dc60d,018e63df-3851-7681-8a72-0a496710c79e,8583087093
018e63de-538c-7625-b213-f112a2147ed2,018e63df-383c-7a74-9c8c-e86acd1c67a3,8701061058
018e63de-5951-7653-bff3-019a334a217e,018e63df-219c-7da5-8d70-cec9e1ac7422,8730587010
018e63de-50b9-76dd-8b52-73a9ba3aa04a,018e63df-1f9e-712e-b8d2-afe9c77c77b6,8659058046
018e63de-5693-7647-9b30-2fee08580e5e,018e63df-1f5d-78d9-886d-f7f530ab07b0,8591747041
018e63de-5b3b-7d99-a0d9-13d1a2f14ddd,018e63df-384f-7aeb-b14d-ecd686661abb,8646013097
018e63de-516e-74b7-be0e-188e15d58993,018e63df-1b31-7f1c-bdd6-6cfe7142207d,8657881032
018e63de-5548-7e2d-ba8c-4e90f9e10239,018e63df-3432-7900-a8b0-c9b0f6862f51,8599032052
018e63de-67dd-7139-852a-7d2b34c824e4,018e63df-1b2e-7fbc-99fd-1ad89187f31c,8623607014
018e63de-52b5-79b8-a458-2cf20e301ca5,018e63df-239a-7636-a04e-d6a22ae2fdb8,8567626019
018e63de-571a-7230-b9bc-fc0874747538,018e63df-2fe1-76eb-b4b5-8fdb132d78b2,8657127045
018e63de-7fa5-7702-8b40-42299a4d6e3d,018e63df-2194-7bab-b9d8-ab8f66e46ab9,8532869018
018e63de-7341-7161-b07c-2655a1f7cc73,018e63df-2796-7c5e-8f3b-7fccc04c5553,8600389050
018e63de-5b22-7d6d-8ae2-d5bed1454792,018e63df-2799-7544-a1f7-dd85598c8593,8628393056
018e63de-6f51-7439-a9c9-974a967eb8f0,018e63df-2bef-7c9b-80e9-8c6bc5d599bc,8640086054
018e63de-688c-77de-922a-d880f8fcc277,018e63df-1d4c-77ad-86f6-a11a0157c9e5,8688001039
018e66cd-663a-7224-bdf5-e08485c13a3d,018e6afb-a86c-746a-813d-16a61601862d,8484943292
018e6690-2359-70a0-b18a-7e265e39de94,018e6974-e7eb-77ca-8bc7-ff09aebc8664,8704910520
018e63de-5d85-7741-a50e-d32617dbe023,018e63df-3869-7005-bf71-519000591bb4,8546616059
018e63de-4e54-7345-9223-3686617c0392,018e63df-3a85-7ad9-b83c-9f6cee2d8fbd,8533874676
018e63de-49ff-7fe2-a5d8-2be473bfdf9b,018e63df-3c93-7b61-980f-28ef15d33e05,8624031671
018e63de-4bca-7169-8f68-c70afbc9a603,018e63df-5916-73f0-b142-e45d236bca68,8404994664
018e63de-4e57-79dd-b4be-b110cd283205,018e63df-3a94-7350-962f-3683a102e29b,8607022094
018e63de-4f2c-7f02-8fa3-bfd7d211e9e6,018e63df-428f-792c-82ad-809e1f3ba247,8627759085
018e63de-4bb7-7011-a48f-8ae1d25c33f2,018e63df-4ad6-789b-91b9-5b3c47042a95,8692500660
018e63de-4c11-71f8-98b3-c50582c4ab89,018e63df-5101-7139-821e-597304bde2c5,8404989669
018e63de-4cc7-729b-a498-91c66cc85105,018e63df-4094-7c38-98c9-0ce941b652f4,8483195679
018e63de-85d9-717b-af62-1d78afaa7e4d,018e63df-3a82-785e-a575-23245de5c404,8635175084
018e63de-6973-7e0c-83c8-81c603610155,018e63df-3e97-7bf3-8156-14acd36a979f,8552525086
018e63de-5654-783a-8da1-ba11d163172e,018e63df-44b9-7d8b-bebd-7ab8aebc5aaa,8569290088
018e63de-5194-7974-af6a-4e673185717b,018e63df-3a75-72c6-8057-a0a0d9c08c94,8495699089
018e63de-55ab-76fc-857c-25ab3108d742,018e63df-3c9b-74f4-85a0-74733eb0589a,8482975099
018e63de-5284-7f80-85da-5c6365b5c0ca,018e63df-48be-7168-8279-7057e584b80d,8650337670
018e63de-53f1-73c3-9160-66517673264c,018e63df-551d-7148-a236-c16328fb7080,8568496621
018e63de-5ac9-7163-be94-46ff4ca149d9,018e63df-4cd7-7304-ace6-e7713c922e95,8621239675
018e63de-6136-7b4e-bb6d-329116d148c5,018e63df-4efd-7936-adca-cf5a3edaf8e5,8612568602
018e63de-62c2-7e0e-9474-0168753d6ac9,018e63df-552b-70e6-b755-894086f4c7a5,8599461624
018e63de-5f31-7ac2-952a-f83550604de1,018e63df-551b-75df-a47e-b76cc6a492c8,8708212608
018e63de-55de-7d9a-881c-19ae099c0f4a,018e63df-5518-76a6-a456-75dabe4e540d,8740100666
018e63de-5a61-7451-bd37-625eaca52e12,018e63df-5515-7562-8c02-d4f2409c7dd3,8603081609
018e63de-56d2-77c0-9999-a8be2ed711b5,018e63df-50f8-76c6-ad35-4818c6a91d5b,8705805607
018e63de-587c-7a0d-915f-4f28a8198f1d,018e63df-5b28-7fab-ba2d-041a8745edaf,8710235630
018e63de-5d79-709c-92fa-acfccf8d85c5,018e63df-44b6-74e1-8e4e-5613f844b981,8705426606
018e63de-5e07-7770-a974-dabb92c70f6b,018e63df-3a97-7f46-9a11-9ead2cb42733,8607044672
018e63de-a1ba-7049-b15a-d983073edc52,018e63df-4cd4-77c7-accb-cf2b1252ae04,8543113674
018e63de-a866-74e9-ad47-a2eb3a237637,018e63df-46b4-75b8-9722-d1cdf8b76fbd,8618872601
018e63de-850a-7d22-b4f9-4f024d267f22,018e63df-46c0-7668-93a9-354158ff4434,8569403677
