018e66d0-8932-75a5-b9b8-a407b51ab007,018e7017-659f-78ac-bdf2-94f7e4cf37ff
018e66cf-6c78-7a22-94c1-6a8205bfcef2,018e7043-230b-7a90-a20c-7d9c510cba66
018e66d1-9527-72ce-b457-982fcea5378e,018e7018-8eb9-774b-8c49-8be556431f7d
018e4116-7631-7c3b-9be8-e3ad93244524,018e59e5-c55f-7609-8657-df75df25d71c
018e66cc-067d-786c-a4b5-b3a270ada6c3,018e702e-cfd7-7685-adb2-8f238d173781
018e66cc-fcfd-70a6-8146-38e43166c5a2,018e701b-78a2-7cd5-aeaf-a68761f2575f
018e66cf-4498-7278-be5a-084915c6573b,018e702e-03d5-7bf9-84c7-28e7d23635f4
018e66cd-6433-73f2-bdd0-cd2f114a40da,018e7039-a535-7542-af04-5fd50bf7e9b8
018e66c8-a3f1-7e15-9c82-f04ae58f9081,018e7042-3dc5-7925-a8b7-c4237655889a
018e66ce-4a02-71da-b93a-b14f27de1419,018e7035-c949-787d-8f8c-ea3d43f224ac
018e66c6-505d-70ff-993c-5e8c0d0e032b,018e7043-baf6-7540-a76b-27584c4c0ed6
018e66bd-ebd6-7408-8cd5-fd0e00b58e30,018e7038-5cb9-7eb7-b380-c502649ab3f7
018e66b8-e3a5-7339-83af-384bd9f8ff7d,018e7029-6123-7be9-a415-1a0e80215004
018e66d5-8c4e-7271-9575-1f5418322828,018e7041-0012-735b-a4b3-fb3972a2a3ff
018e66bc-ae0b-7777-9f8d-9e801d4f482a,018e7034-871e-7b4e-b22a-93971596cbd5
018e66ce-3ad6-72bf-b891-bb9b4a969d35,018e7029-54e7-73bd-b807-507810a96d69
018e66d4-37d1-7be2-b583-f42bf960511c,018e701f-1abe-70fd-a38f-ce3673219307
018e66cd-91a9-7d0e-b8d1-f47e43cb9bfc,018e701f-db2e-700e-9696-741f9c03dc4c
018e6696-9e8e-7929-bf97-7d7d4f10e9e6,018e702b-b700-73e0-89b9-09b5ba8de872
018e66c0-55e9-7ef3-a46a-499b19367b02,018e7020-9f6b-7e5c-bcac-fbc5912a7c33
018e66b8-e01e-7320-ac5b-23a94161038a,018e702b-2307-7168-9811-0ae998196b09
018e66d5-3177-71c0-8011-328613c78210,018e701a-638b-7738-95b1-cd94684c288b
018e66d5-aa3a-7909-92ce-1164a2aadbc9,018e703e-8ca6-776e-9dfc-9779ee9ea843
018e66c5-8e3f-7f66-b1eb-f1ba79d8c01b,018e7041-c497-729f-8642-2571c5cdeb0f
018e66d3-cc94-7672-90e3-f3a6ef5a3cb7,018e703c-91ee-7bbf-8216-136a287f2a8a
018e66c1-b05a-7d1a-9e26-27255095d3b4,018e7022-b5ad-74a1-9918-212e2e063755
018e66d0-5d34-7f3e-b7e8-405a866a19a6,018e702c-4210-7b36-a387-efaa6dbf1847
018e66cd-6bc4-7376-91b8-35ee619fb694,018e7044-3814-7fa2-bc78-17e550b1136d
018e66d0-0ef8-7017-af80-f329a985becb,018e701b-6b9f-74e0-a243-2f33979eee86
018e66d0-95c3-7c57-ace2-7976da9a2c4b,018e701f-42fc-77b4-8a95-63a58348c457
018e66c5-cbe0-709c-acc2-cc6de2a6b2f5,018e7042-49fd-7215-bb20-0955160eae39
018e66c6-4c98-7792-b32f-5d6ef12cf2b4,018e703c-1800-7b9a-bbd6-a7453137bf8b
018e66d5-a339-7a96-b095-a465e18e4ce3,018e7037-8e1e-7893-9e46-8b9d27bc8261
018e66c6-2848-74a5-b77e-07e290e19109,018e7028-62f7-724c-a274-500ab565d493
018e66cd-395e-7336-9d95-24d25264a3d0,018e702e-890f-7332-a956-e69161662e5c
018e66c3-24c5-7a2f-b1c0-1a99e4457e27,018e703d-0782-7247-8621-2fdf660fea43
018e66cd-3506-7ca7-9b02-16b857a7d09e,018e702d-35cd-717e-b191-1c735e61a324
018e66cd-6a37-7779-8744-b499a19b148b,018e7028-cf20-775f-af51-562c5d9c45c6
018e66cc-60b3-78c7-bee4-a1b564d7cfae,018e7029-4846-7e21-a821-b618a6751ccf
018e66d3-57fe-77a8-8291-190c107a80a1,018e7020-0bda-79e6-a726-ec290e0c520e
018e66bd-6240-7ffd-8072-af682314bacc,018e7035-0879-7ef2-8893-9d07f2678e2d
018e66cd-46a8-7d14-9dbd-e742929d5d86,018e7023-2639-79ec-a54d-50a3bb710fbe
018e66c6-9fee-7c40-bb75-1beeb39a8c53,018e7024-9e79-7313-a888-893881fe58cf
018e66b6-8808-72b7-b4dd-2022baaca1dd,018e701e-94ee-7899-8f81-176f939f00dc
018e66ba-03ed-73ea-8bfd-e64a2a822d17,018e703c-d6b2-7701-8ad9-06196f464e54
018e66ba-bcb2-7130-8b67-29074ca29a80,018e702a-f23c-7115-b867-76a0c4203e24
018e66cf-b80f-7237-99be-b3dab20b15c5,018e703c-a804-7780-8665-fb66c55fbca8
018e66b7-8bad-7ba2-bc37-a4f9cbac51db,018e7031-3e59-723a-81ad-17e16db61ced
018e66b8-c83d-7978-ad8b-5375dce8db76,018e702c-5ac3-7c23-abac-890d4b67f923
018e66c2-360b-7f99-9480-015cddb04fc1,018e7020-b854-76d1-8911-c10d2a0625a5
018e50de-caa1-7ca7-bc0c-aca887451218,018e59e8-346a-75df-932f-2b132e000a25
018e668b-5087-77ac-96b9-7d819eebcfbc,018e702b-a9fd-7280-b5e9-fde1a6ca34ea
018e66cd-5e02-7095-910a-da8843606498,018e7039-e1fb-7506-b5fa-7f1daad8f5eb
018e66c9-9c31-7a0e-8bd7-7f12ecc8cf9c,018e7036-4fdc-71fc-a6c9-2e0206a85c32
018e66cd-5fdd-78a1-b013-90db014976ba,018e7037-bdfc-7b5a-81d0-2cf7bfaa369b
018e66b8-4551-7934-b993-7a71fb94a9d8,018e701f-6a0c-7298-aa68-b5c649d42af7
018e66c1-ce33-7f50-be62-0d222e98f96a,018e7034-3cad-7804-a202-a6e0035c882e
018e66cb-bb94-7190-900d-21674f07583d,018e7033-7701-7aa2-bdc0-4806d22bc993
018e50ec-2be0-7758-a761-5f3f928cd136,018e59de-9a48-765d-8bdc-d71e10ddbb5e
018e66d5-1ea4-7830-b96e-7dc8574f0069,018e7021-4856-7f24-8f02-777e60ac6422
018e66d1-0b8c-74e3-85c1-42d03caad1e9,018e7028-0c6a-7250-acb9-62b66b0380ed
018e66c5-ac56-7fc2-940e-bdc152179473,018e7044-5d97-7bbe-99d3-263b1d6316ee
018e66b8-8806-74b6-86b7-a42531cdc1ed,018e7035-4dc3-72a5-9df4-243c6975c962
018e66d4-471f-7ad4-a1d2-2965be8210dd,018e701f-36bf-784d-8824-572e604c1ed5
018e66a1-40ed-7007-9c69-72d660747946,018e7014-d3cb-7813-9dc9-0acdf26cb05c
018e66cc-915e-7e0b-ae8b-885dd423f705,018e7041-ab5a-7c0c-b9e7-3cf1cc86371d
018e6685-9d0c-71bd-ad62-51481ebaf22f,018e7023-f6fe-7e47-aa9a-22c7167b47f3
018e66c8-82d4-7963-9aa1-66e7a7e54b4e,018e702f-2b02-74c5-bfde-8ab97f9f4746
018e66cd-cd56-79c6-b676-a77288943e39,018e7031-8924-7b54-aa96-27e3e049890b
018e66cd-14fc-7743-9eb0-7c3fa76beffb,018e701b-84df-700c-bcac-ece72908ac0d
018e66cf-4e2a-78a0-af97-06498084c6c9,018e701d-cbf9-70a9-b265-d26133e56f26
018e66cb-1351-730b-a12a-b0c3061e304b,018e701d-e40b-7b0f-95cd-b82af70e73dc
018e66ce-d9d2-7c52-8aab-7956000cf1a7,018e703f-7374-7933-8837-97896308c022
018e66cc-3fd7-710a-8edb-b88c03bbb949,018e703d-13cb-7b71-81a5-9c91bf610d69
018e6680-30fb-72a8-ac00-036901344ba8,018e701e-16db-7f0d-b58d-2cd25eaf731b
018e66cc-fa23-72b1-a379-3e677b69149e,018e7021-7b3d-7370-a28b-6556b3e7608b
018e66c2-2fab-7a35-9e59-ea8348966104,018e702a-77c0-72cf-a95e-d6ebe12407f5
018e669e-98e0-7daa-876e-ed0a3f373ed6,018e7023-86e2-7594-bf1b-367210f4bcc1
018e667b-f704-7291-bc42-5b0a25179932,018e7035-eb0a-7442-a76c-2b3316f8857a
018e66b8-ebad-77b5-b785-1d4eb96c63ac,018e703b-8132-72d5-997e-970440134666
018e50ec-2be0-7758-a761-5f3f928cd136,018e5c98-19ae-7128-a5c2-a39f7dbc32b2
018e66d4-057e-7c05-8500-1947c65a6f82,018e7030-8d52-754f-9755-bdb3852feb68
018e66c6-c48c-7878-9f51-7abde09f0995,018e701c-1d34-78bd-93c1-9418fc62a8c7
018e66d4-ceb6-7ed7-b454-739ff052652e,018e7039-d55e-720d-9690-98740cb25905
018e66ac-7b84-7432-beb3-26332e477066,018e703c-004d-7ca4-b8a8-479ed6a8fccc
018e63df-0811-70f6-987c-848c2bdee0b2,018e700a-5b3c-7dd7-a420-fbb1a109275f
018e66d1-2453-7b3d-8ea6-2a28e644edec,018e702f-8b59-7de5-8d45-60fd3e881372
018e66bc-f7b0-7b2f-bbe2-748b01e7c596,018e7019-dc8c-7b38-90e8-98278c468ac3
018e66a2-5410-76b8-97ef-71324ce4bbea,018e7035-8a8a-7fac-8d10-51d221e8ead4
018e66c1-334f-7d64-b6f0-6247ac6c5b02,018e703c-bfb1-740b-b516-af048442cf9f
018e66c8-3d63-752f-bac1-c79b041e2110,018e7032-a96d-7669-9de6-4ce5c58b7ac4
018e66c7-7c45-70e2-bf5a-4716a71e394d,018e7022-6171-76b7-8435-348a7fb906f1
018e66bc-a391-79a8-b443-4a7b98d91f9d,018e7035-e02c-7102-94ea-67183b4a0781
018e66d4-24e3-76e6-8952-52c35671d55e,018e7041-0c4e-73d3-99e3-2df3842ae241
018e66c7-4354-7e71-a93b-915be782de89,018e7040-249f-78ab-a87e-e73630698f5b
018e66c7-a8bb-78ad-9e75-0c437f8b9b6c,018e7037-f6b1-7d30-bb1f-1853aaa99322
018e66b3-4f1a-785c-8f19-caa91b569554,018e701c-7339-7c71-85d7-e6dc5e27537b
018e66c1-6f93-7310-9d13-e7bfa938bcad,018e7025-3e1e-7914-a47d-7c54c1e73fe7
018e66c8-c6b3-7bec-8d70-a5b0b4dfa5de,018e7024-33bc-7354-8681-3503a01e9cd3
018e66cc-dab3-7772-8af2-a190f3dff82d,018e7019-47a3-78a3-925d-b3e71caabfe7
018e66d4-d996-720e-9f9b-7617f12b2fca,018e701a-bd8e-72a5-a351-b41e15fe04e0
018e66c5-917e-747c-8b71-c5fbde1331fa,018e701c-50b5-741c-a672-c7c88c5d7e15
018e66b7-de7f-72ab-a1ff-97b1aed1f5a9,018e7017-bc81-714a-9355-45384bad9082
018e66cd-1ded-7cbb-8316-5089c38c0e8a,018e701a-3d42-74a2-91fb-85ff3d3b52cf
018e66d5-5894-793f-b429-c8d44e96a402,018e703f-9607-73a7-9776-6a854e915afd
018e6685-c2d2-7e82-a21a-9fff17ee7afc,018e7039-b0ad-7beb-8090-fd0a85b5b71e
018e66ca-e78d-7380-bd9d-c0223557d83e,018e7023-eb20-7fa5-b5a9-47c2866e88d5
018e66cf-0adf-7aac-bd98-c51115e7b794,018e7021-0cbe-7872-98a2-71985e6b8498
018e66c5-c183-765b-ac9a-6486beacd152,018e7025-0df0-7855-bde2-57f16c603978
018e66d1-e004-7f77-80f6-d4b9d21a8c72,018e7036-c706-7d82-a000-94afae3a9523
018e66d5-8fa2-7786-93d4-a19afe055b99,018e703a-d9ea-744d-8217-25652e5a5ca6
018e66ce-b94e-7b1c-bfcb-db1f8104ba7e,018e703b-3962-7fc8-9d11-e626b628bd17
018e66b8-52b1-7304-bbc2-6d6779b066a1,018e702a-02fe-7cd8-a1bf-c34399e4deb3
018e50de-caa1-7ca7-bc0c-aca887451218,018e5b96-0333-797a-bf87-b645345d3b80
018e66d5-4016-7e11-8659-ab9664da3e83,018e7041-87d4-70dc-9be9-ff2f97b21c59
018e669e-7b17-79cb-8091-25f178458fba,018e7014-a909-73fc-ac84-087e694ad48b
018e66cd-5b08-7ca0-af84-1c21f871c142,018e7035-978c-7f49-9bab-d4db1d7faaff
018e66bc-b775-7260-9b35-15c797278242,018e702e-4f38-7c45-8f3d-27eca9d94d25
018e66ce-6e32-78f0-81ff-36406d072f93,018e703f-dd2d-731f-adb6-8845d63ae73f
018e66cb-3fd1-7b8e-b7d0-550fab7532d1,018e703d-760a-7f66-aba1-04d833f182d7
018e66cc-8cfb-7cac-b3e4-f91cbb467a20,018e7032-1b53-7817-bf22-3cf1c91307ba
018e66cc-0187-750a-88f3-e4f4f21b0edf,018e7023-b9d7-76ad-a663-d33f32fa6ca6
018e66d4-7e81-7061-afda-d41382a80c1e,018e701d-d7d0-746f-8e94-c685f5528398
018e66a0-27ac-70eb-a2d5-7dc4eaac8623,018e703d-6a30-7277-b44c-4474bb5ae13d
018e66d5-6e92-7a08-b9f7-d513aaf632c2,018e7044-1f38-75f2-9e3a-989e80aa2f72
018e66b6-9046-7e80-9621-3ae1ea1b8cf9,018e7028-9254-7ee6-8ae0-ce5f298a6e25
018e6691-47f4-7d07-8ea3-f27e89a1a770,018e7014-6a68-7184-b1fe-cb29dc8c9de7
018e66c2-14ad-7be3-8511-ec7c409bde58,018e7042-00fb-78d2-8d27-8a6b2acc49e4
018e66cf-d15e-7f7d-9c6d-b543f6769a02,018e7036-a1ea-7326-9ace-c34c34ee406c
018e66c0-b0ea-70b7-9b88-04e4d5a70423,018e7025-5632-71b8-902d-0e61e05f662a
018e66c3-937d-738b-8697-e299e41fa835,018e7032-cc8b-75d1-a65e-3b247d994ad2
018e66d0-6f9b-7436-a5da-5b34f0d6b3b3,018e703a-521a-7471-9399-7aa8bfc7710c
018e66b8-c251-7ea6-956d-3f4226f26a8f,018e702e-712a-7687-a075-35097dd3886a
018e66cb-b140-7a88-b4bb-9304bc81d68b,018e703c-86df-7940-87cc-e24a46ec68e1
018e66c4-5c4b-72ef-97b1-5f4943283feb,018e701e-9ff5-763a-9725-2820e9daeca7
018e66cc-2710-7745-aa60-1bbbbcefd2f5,018e7023-6167-7c8a-907e-db5c6ba14bee
018e4fc3-b739-711d-9575-2d3b3930797c,018e61bf-0dee-7fd7-ae8d-34353d748731
018e66c3-6146-7c34-a9bc-97f0afae6d0f,018e701d-6898-7062-ae6f-7922852619fe
018e66cf-60bb-7935-aa5c-ae570216e1e0,018e7018-75d5-74f6-9eea-b2bc44661892
018e668e-b6dd-7c04-ab75-4735cc341007,018e703c-557b-77cb-bfe3-4888dcb3127c
018e66d4-98a9-77ce-84fb-4cfa469930e5,018e702e-6420-7e3b-8cc3-c666cad88f65
018e66ba-ea5f-7cd6-a16d-16e1f6890d48,018e702e-5a43-7c5a-bdb1-6b283caeb0e1
018e66d5-954e-7a83-9869-3cac9b7fd559,018e7020-61e1-787f-98c0-1c46af41e520
018e66d5-b2ec-78df-916d-2754c3a8d379,018e7020-c590-7e24-8402-3cccfd3ca6b2
018e66cc-7a87-7974-a53d-7fa8697a8c7e,018e7041-272f-749c-9af6-de4ca6f4fd87
018e66c5-9625-7072-94c4-2a6bd44c4a5a,018e701f-8e92-7246-a005-4dda668f30bf
018e66d0-9840-7212-a5e5-318f617f335a,018e7030-8243-7397-beaa-b1f20556d4af
018e66cf-9a2e-7272-8d98-776675e5513e,018e7018-e71e-7579-8f1d-b679f6d70960
018e4f9a-08d0-7fa2-9d10-053133a9e5c4,018e504d-1a25-786a-8f18-30977d7db831
018e66bc-be34-7d1f-9a0c-d535597b8e19,018e7034-0dc0-795c-ad78-16f84b809112
018e66cf-9648-7325-b669-4d9c219d6bbb,018e701b-d73f-7e92-92f6-4417a831bd7b
018e66d2-9c6b-7ed5-8887-0d4706b36f5e,018e701f-c272-7435-b437-cdeb6387b719
018e66cc-96c6-7855-b2ca-0a3ba1d572fc,018e7016-e5a7-796b-8ecb-3aca544ee50b
018e66cd-19ce-75e3-ae52-c377d4581916,018e7019-779f-7ce3-8b17-1dc6a353dc72
018e66b7-de9d-776d-a077-ff3e58db85ba,018e7042-cfca-7871-be1d-cdc01c4bd57a
018e66c7-5526-7ad0-9710-65f693b11b7f,018e7024-86b3-7966-82c6-3388a1bdfec4
018e66c1-5792-7318-90d6-8820a32eae5d,018e7040-481f-7ced-96a0-eb8f45b5353e
018e66cb-af22-75e3-aa12-919fe6504123,018e7035-d51d-7d60-aa4d-68c19184e3eb
018e66c3-4c5d-7fd2-a00f-373d590bab28,018e7020-926a-74c1-9c6a-0910b7412ed6
018e4fc3-b739-711d-9575-2d3b3930797c,018e59e5-c4d8-7289-b52f-aa90638f8252
018e66c8-9f67-7983-9276-dfff0258602d,018e702f-de21-7e67-be9c-34dfb87939d2
018e66ce-9dbb-70f8-9314-3bcb4f790455,018e7042-ff20-729d-b767-b2f031112fff
018e66c4-98e8-7ad8-9a50-f081dce26cd4,018e702e-a1b7-7113-acb6-70d64e214f5a
018e66ce-1dc0-7497-92b8-27eae926c485,018e703f-13fd-7e64-be24-1afdb0b753c7
018e66d0-caac-70f1-b777-9db02fe42347,018e703d-f11d-7d25-9ef2-bd04791f3a32
018e66c5-1bf5-7423-b3a9-e56fda3e49d3,018e7036-5bb2-79a5-8281-8252f6f2ed04
018e66c4-d95e-7a54-94d2-06bf194e6a92,018e703b-a7e8-70de-a1cc-b899f38042de
018e66cf-780f-761f-a56a-943ed85148b7,018e702e-3727-7dad-832d-d054e4aa9962
018e66d5-b424-7797-a531-f1e61a043955,018e7027-f1fc-7a00-b9f8-fdcd449f0b82
018e66cd-6ed7-7d51-baed-f93fc2362dd8,018e702d-d1f6-7fbc-aded-0ceef5843248
018e66d4-244d-7117-910e-34c2b43bed60,018e7024-2789-71cd-b7d2-26a154f7decc
018e66cc-c964-7536-9dd2-a563a996b2f4,018e703e-d5fd-7cf5-91f7-d8dcba4c37c0
018e66c6-7a13-7216-b15c-3b83c4ab2ff2,018e703e-b1b2-7a6c-be08-d313f5b409e4
018e66d5-4cc8-78c6-b8ec-bc40e3c9baa1,018e7035-72b9-73bf-98e8-1381886bf840
018e66ca-ba1f-7346-bb2d-4ff860818039,018e7022-4873-7c3a-9ae3-63639ff7b084
018e5106-ed5a-7898-bb0d-40aac057b861,018e5b96-036d-7139-bf20-e4794dd578cd
018e4f9d-46b9-7812-8c2b-501a402b30fb,018e5771-ceec-73f8-8aec-910a6ca609c3
018e66b7-77ae-74a6-8c44-4fbdc0140d36,018e702a-cd6b-7cec-8c7d-8ac617df45e4
018e66a4-8027-7e46-9715-1743875a8b19,018e7014-8eb5-7ab8-9c00-732332ea99ba
018e66c3-7076-74f2-8d61-2f5d4e1d39d8,018e7023-9fe3-71e3-9b10-8cd0bdf1ae14
018e66c5-3c76-7d7a-8e10-795f817c6384,018e7034-a0ee-7890-958b-4406bbab07df
018e66d0-8076-79cd-b2dd-67253e2d8a5c,018e7032-e567-734f-91ea-78216ffa5364
018e66c7-9389-74f4-b901-397747e960f3,018e7017-2727-7298-94b0-c7b3e3773a88
018e66c2-f696-7e1b-ba73-193e6522294a,018e7041-9e52-7e79-a330-1b6e84826bb8
018e66cc-d21c-7526-88d0-a0f9d3d78543,018e702a-5e81-7942-9174-7fe16a8cadf3
018e66d3-b32e-78eb-8f88-353f9d8034c4,018e7019-9ca2-7fed-ae0c-37e7c8f8ccfe
018e66c2-9721-76a8-a4e8-6d7bee399639,018e7043-5dd3-773a-858c-525b8c9a3591
018e66c2-cb5f-7916-80d6-3d2ec8eef016,018e7043-ede2-7146-a97f-190bd753f70a
018e6686-466d-762b-93f2-44852c436a60,018e703d-1ecc-7577-80ed-21d350112672
018e66d5-9c22-72ca-9364-2801c8d0c3fc,018e7023-7aa7-7ed8-8bbf-33e9a90b8d1d
018e4f9d-46b9-7812-8c2b-501a402b30fb,018e5c98-1a2e-733e-884a-35c5e064ed54
018e66ce-8bfe-7e7c-8d3f-c19f7470c5e1,018e702c-acd9-7bd3-9c42-d0186119fb8e
018e66c1-0b66-77a6-9285-3cb10451d2ea,018e7034-6425-79f9-b990-6d46616b88d4
018e66d0-caf7-738b-9920-23cbbbc16748,018e703e-818f-7269-8b1f-cf73f80b3392
018e66ba-bb72-7a9c-9084-173b11d4bb3f,018e7029-0924-710b-91ca-807f0d17f64e
018e66cf-838e-73cd-a990-989bd53c660c,018e7041-3f9a-7f84-8766-e1af5ac604b1
018e66d3-1bfa-7154-9db5-cc8114f549a5,018e703d-8db5-7733-bffb-9043f81729fd
018e66c0-0518-798a-aa96-27bfedcf56a7,018e703a-13bf-7068-913c-1efbdb695504
018e66c1-0346-74c6-9506-9dd39d432081,018e7028-c27c-7eb6-8287-86c196e37b4d
018e66cb-55d8-7551-911a-730e41df9736,018e7038-bd8e-720f-9245-63a0ff47be16
018e66cb-5826-70c9-8580-e1bf0ea3814f,018e7037-0fd5-7240-8b90-aef75b032c42
018e66a3-3f22-7365-a999-8a4db4af412f,018e7023-6ea4-7ae7-99c8-dc66b24f19e5
018e66a4-05dd-7314-89ba-d8e1fa9a8198,018e703a-83bb-7330-bcd3-efdcc926eb21
018e66cb-f100-7267-a352-43f16b2a99a9,018e7026-33f0-736b-86a8-75488e2eb375
018e66cd-14d5-712e-9f45-26924bcce1dc,018e702b-3b7b-74db-8306-b1a66caadaec
018e4116-7631-7c3b-9be8-e3ad93244524,018e59dc-6459-7376-bb63-f41921866cde
018e66ab-8f5a-7e4c-826d-e97087b968ac,018e703e-69e1-7f2f-82c2-aeda2a1a50f7
018e66d3-961f-7254-8ed2-721116b0792b,018e7043-af64-7c12-b8cf-7a3e90ea52e4
018e66b6-fb67-7299-b2cc-d24a86eeb030,018e702b-d1d5-7f20-a0f5-c775ba541bf1
018e66c3-b986-7a55-b8f5-6504b9297fb4,018e7022-14c1-785a-9205-79c4765e0224
018e66d2-7967-786a-93f2-4e2410709939,018e7017-e173-7a76-9484-5f04068dd391
018e66cf-6c56-7166-8be8-11a2d3c35bd3,018e7018-8280-7de1-9966-0fb37dab8a2d
018e66bf-56f7-76fb-afeb-5c2b28bb4f10,018e703f-2091-7c1c-947d-b1116b3acc64
018e66cd-a47a-7701-ada0-544d04c3d3aa,018e7042-870d-7b86-bab7-ca3a8e31483a
018e66bd-85e9-7922-bd71-9b72a2ee8806,018e7043-2f45-7504-a0cc-7c194bd5fea4
018e66d0-2a7f-7c0f-85ff-4c3b8ab87558,018e701d-36d3-744f-a577-04a2d64a6eff
018e66cd-d2db-71ef-a29a-ae5f497632fd,018e7034-ee4a-728d-afc6-5069ad141308
018e66be-b138-7a02-a219-ffb3e42ccac8,018e7033-ab7f-7e00-8568-e717b93f24d5
018e66bf-f152-7674-be75-3c56a3d681c3,018e702c-038f-7f2f-b487-fd047b7a5fc7
018e66c0-ed50-7638-8095-dde54eb518d1,018e703b-c129-71a7-ba57-9057605701c8
018e66d4-066b-7fbd-8be3-a80a277c5bec,018e701e-ac33-7f4c-aab1-2c99d0899ac7
018e66cb-514c-7153-8046-b8cee21eb71f,018e7027-c30a-7f89-9735-0145460a1adb
018e66cd-ab7c-7ec4-82e8-5d4d1be82da7,018e7024-1a7a-7dd6-95ba-e592d15d04cf
018e4fc3-b739-711d-9575-2d3b3930797c,018e59dc-162d-776e-9806-766dc002050c
018e66b6-d42a-797e-a178-661607988899,018e7034-7b07-7adc-9e74-110666a4f6b4
018e66d4-bbd6-7b1b-8117-43750b57fea9,018e7018-9d3a-7ffb-980a-5e0e913792bd
018e50c2-98ce-7ef2-b051-04a1b146b603,018e5b96-03f6-7588-b5f4-ac65f5204dc2
018e66c2-9fd2-7d2a-b7b2-2d0d85f2c685,018e7027-58e5-7a68-b132-6deb9691861e
018e4116-7631-7c3b-9be8-e3ad93244524,018e5020-33f4-7545-b2ff-7a86b3b1b026
018e66d1-0b1f-7c29-a807-20025a63b9fb,018e7024-b7f1-7b19-899f-22f0b95678e6
018e66d3-5da7-768d-af1a-fb4915614595,018e7037-1cda-7931-8cd4-add84123c83e
018e66cd-7386-797e-be70-b4ef282f571f,018e703d-a62d-7526-b637-98c815a1ab15
018e4f9a-08d0-7fa2-9d10-053133a9e5c4,018e4fc1-8415-70cd-a638-6024d6eb3cac
018e66c2-87ca-70cb-8f4c-41027cfe5d71,018e7026-b8fb-78f3-ad75-2662310a5316
018e4fc3-b739-711d-9575-2d3b3930797c,018e5b14-0d67-7b2d-b820-5d296ad294b2
018e66c2-df4a-7ec7-a49b-f93e73473742,018e702e-28f0-79fb-9a82-24be702f2cf9
018e66b7-0c44-76d8-a79e-9dd4e75d0e61,018e7043-532a-7205-ac2a-10ec6260afd8
018e66b6-b70c-7b93-87ad-908d8533e5f4,018e7038-8c9e-7d58-b172-6a7cc95f44c3
018e66d0-2649-7f05-981d-c52768cb1d69,018e7020-17b1-7eb1-a0b0-3d4fffb834a2
018e66bd-4875-7335-8212-c25e8209a5f6,018e701a-aef3-7acd-b6e0-5ba780006fe9
018e66c4-a40e-76fe-b6f4-6f87719f1415,018e702f-ba9e-787c-8f6f-db001ae58fad
018e66d0-962f-72ca-95e6-9b085725764b,018e702f-417d-78ff-9253-91d3473eec23
018e66d3-b5b3-7b13-aa79-f710eeb916a0,018e7029-f84d-7c5b-9dea-39d307a2b397
018e4116-7631-7c3b-9be8-e3ad93244524,018e61bf-0dd8-7ee9-89c3-58fa3b3abb44
018e66c8-5fc5-700a-a3b2-2031aa0ad0ac,018e7019-908e-7ddc-8789-900eccb83633
018e66ce-c870-77c0-b624-c1b253ae78c7,018e701b-5dcf-7dfc-9439-cd8564080a85
018e4116-7631-7c3b-9be8-e3ad93244524,018e59d4-43a3-7d84-8182-f0ff689701b5
018e669b-849e-7bc0-97ee-f5613768b057,018e7023-abd4-7d0b-a7f4-78503e407bda
018e66d5-5d55-7c97-8b8f-ad7867e43f55,018e7041-dcae-745e-9aff-f5bebb094e1b
018e66ae-73f4-72bb-ad9b-d022fcd85692,018e7018-1395-7881-bee0-9401a7d53064
018e66d1-009e-738e-b2bd-1d745eaf2f7b,018e701a-2591-703f-a381-1256bd2c5192
018e66b9-06de-7d94-890d-12b3772c1262,018e7038-d61c-7f98-ad6e-6b3d655d8bad
018e66cf-e983-7576-8c12-2b38c7ff0b9b,018e7024-4a3a-7c73-ae0d-d04ca1254b97
018e66c0-8bfd-7848-919e-1820012eeb98,018e7033-dd98-7a51-9799-c09be23a7e52
018e66c6-6c49-7ffe-b8d9-ee013cbffef7,018e7021-f4c5-7da0-bb2e-21ed86f998b3
018e66cd-6849-7951-8f7a-ab6c105b9137,018e7027-109c-7e58-9f98-429aa77d6c46
018e66c2-3cce-74e0-9ab9-0a92ebe3b45e,018e701f-5064-7bc9-89c9-43990a3c7966
018e50ec-2be0-7758-a761-5f3f928cd136,018e5102-48de-7587-b447-674662c15f88
018e66ce-0e2f-7d2a-becb-59a449a2ff97,018e7039-8151-7594-89a5-ddeb6955e4bc
018e66cf-57e3-7270-84e7-fde42ab2df46,018e703a-3938-7136-b5c8-5598e9b08a11
018e66cc-b86d-773c-9916-7725beaff792,018e7036-3439-7532-9b54-fea54d564646
018e66d3-8df8-7db4-a98a-23720cc87580,018e7040-b69c-7132-90c3-c1396486a13f
018e4116-7631-7c3b-9be8-e3ad93244524,018e59e8-346c-7133-bc95-dcf0b71ba635
018e50ec-2be0-7758-a761-5f3f928cd136,018e5771-d02e-7fff-9310-d98208810d2e
018e66cb-ee51-727f-a18e-1997cf95bc9e,018e7041-f655-7ad5-91b7-fe06fe7f359d
018e66c3-8a2f-7738-97b7-bf3c040574f0,018e703e-5e6f-7715-a3ad-46e7a6d46aa4
018e66c8-62d5-7b27-affb-2e6f44b593c5,018e7035-3876-7edc-8538-e99dc81acfd1
018e66c2-52e9-777f-8873-b8e3f30f3273,018e7038-8192-72d1-a49f-e8726320e422
018e66cc-8db1-7320-b50d-0c9bdf18b0cb,018e703f-fe86-7ec0-a00e-21efd70d1103
018e66b3-aa1f-793c-bbbe-7aa9dc38f59d,018e703c-230e-778b-a450-11c6062582ea
018e66cf-58a0-7181-81be-582eac9145ad,018e702b-4753-7e4b-953f-bab7d0879b0c
018e668f-7ddc-73d8-89e5-7b1ff3e13b61,018e7020-6e25-702f-af2b-e2ffeceea925
018e66cb-ab10-7054-b1bf-e9aa2759da74,018e7026-d110-71c4-926a-c296360e0def
018e66d4-3245-798d-be5a-5a94f4bce3e3,018e7034-7063-74d7-a5fb-c7e4ccc2a1d8
018e66b9-53ac-7130-b907-a45028a19c0e,018e7032-033f-7241-8f47-dbe90aa5906f
018e66cf-c8e0-7ce6-bf38-ce6014808124,018e7037-9ac0-7be5-a6c0-29e5234f8aeb
018e66b6-aaff-7f03-8d64-ab03a1cf7b2a,018e701c-c744-7a4b-9bd5-dc4287d6643a
018e66c5-57ba-755f-9046-196b89aae059,018e7037-0400-7457-aa56-e3eb67907558
018e66cb-e8bb-7a5f-b8b7-5f313933d860,018e7028-e603-724e-86b9-920b2f906bac
018e66b8-0772-7ce3-b302-f33e783d6231,018e7019-e8d2-7233-9032-b7cc7ab3d9d4
018e66cb-70b9-7064-b2b1-7aa76bdea0eb,018e7033-ea9e-7623-a7df-58b700a69f1c
018e66c5-af1a-7f68-a11f-e2af5e3f90b7,018e7026-f68b-7157-99b6-bc9f989418cf
018e66cd-ecab-739a-ab84-8a3395bb8a16,018e7027-8647-72e6-9212-00e0ee882997
018e66d1-17bc-71d2-b5bb-3b7b354ca565,018e7022-6dca-7c1a-9ef4-4d78188f99ac
018e66c1-d1cf-7941-aef8-81f82dc566b8,018e703a-4573-736d-9b7c-5346eae1be86
018e66c4-7746-7351-ba80-fd55bbaf99b4,018e7027-934e-7c37-9c99-0b47b5cd3fda
018e66c3-6a62-7f3c-b81e-f6301e154e3b,018e703d-e3b9-7e85-83a2-43fdebacbc2c
018e66c2-8a56-71d3-b88f-98ef947c4777,018e7038-0f8c-79d9-a2f4-02e0a2a33f32
018e66bb-65cc-7d4b-af0b-2fa13e96728b,018e7026-1005-71d4-a18a-15b97cc46b12
018e66c2-a78b-7b55-960a-9ab23a01f6cd,018e703b-45a0-7acb-a3dd-e0ad283fb420
018e66cb-f331-7ab2-bf2a-73295468b429,018e701c-e020-73a9-9a55-51ef0d691905
018e66c1-004f-7100-9abd-591b78ffc49b,018e701d-07fb-74e0-badc-da7a8327eace
018e66c7-3b51-7ddb-97a7-8c549e11f6ab,018e701b-45b7-7e5c-8a0d-a7b0fd7194e8
018e66b9-8c85-7116-83e8-9676c4d62eab,018e7029-15c2-761f-8030-859e71c2e74e
018e5106-ed5a-7898-bb0d-40aac057b861,018e61bf-0dd1-7a5c-9efc-a7dcc2e49de8
018e50de-caa1-7ca7-bc0c-aca887451218,018e5771-cfc2-76ea-af2c-1e65d72d82c4
018e66d4-8752-7920-b0f9-e00ef312ab18,018e701f-a933-74cf-997e-7bc3a5a167d5
018e66cb-5a18-71f0-b486-13a049769dab,018e7028-b771-775e-93ed-fef25b068bbe
018e66b0-0add-7647-bb39-4fc5115405a8,018e7028-3f5f-7779-9644-4c8cb0e5a202
018e66ce-37a1-7e28-bfa9-65a98d1b6ab6,018e7031-25e7-7bd9-b289-6db14c070ec6
018e4116-7631-7c3b-9be8-e3ad93244524,018e504d-1a95-792f-b815-36e0de55a73b
018e669c-361f-7a25-87c9-c436354c66e9,018e7014-b3b2-7e20-b200-c7454928da07
018e66c1-72d0-7e40-9aee-85070d774aa6,018e701e-0987-78f5-b952-8cfaa7b09aa7
018e66d0-21e0-7980-ac8e-eca50c1f46bb,018e7018-c267-7b0f-b6d3-9399eb53b2d3
018e66cb-6675-7fa0-8be4-30297baa4876,018e7022-2e11-71ad-ab4d-635bf385bd47
018e66cf-4b9e-738b-912d-6daf03935b21,018e7030-11d0-7bad-8610-b789835eb4aa
018e66d3-a9bd-732d-b721-429d7642e06a,018e7043-468e-75a8-b43b-38fe4ae83548
018e66c6-9e9d-7e33-8e33-ffac0ba66b74,018e703a-9d16-7f48-9f0b-1b882536849f
018e66d2-8c84-7e6f-866f-4de7352a7876,018e701d-b257-7034-acb1-4b07a5906dfd
018e66cd-620d-72a0-b4c1-a8ab4e4e19f1,018e701d-5042-79e9-aece-4b3894aaf114
018e669f-8e1c-7200-ab7b-fd49381c7803,018e7024-02cf-7d62-9355-61b31f694c49
018e66d5-b6be-76e9-a1c5-2c75928c8dbc,018e7021-2537-7fe0-a7b3-2e76a658892f
018e66d0-932d-7c93-97dd-de9f05da8da2,018e703e-20ec-7ee5-871e-2c553c7a30ea
018e66d5-bb1b-7be6-9696-8a59a2d87c02,018e7033-9041-75e0-a8e7-df4543fe8537
018e66ac-d0a6-76d6-851b-7fb903372e17,018e7037-b207-7a76-bfa3-4a1c51528e06
018e66d0-f99f-76ce-b005-76dea84e0408,018e7027-29da-76d3-88e6-0130803ca48e
018e66c3-4fb3-7930-b254-026bbab45a0a,018e7041-7c66-79d8-bc03-0f2751675555
018e66ce-5bef-709b-936a-c5bc27c3c0a0,018e703f-67b6-7cde-94d6-41be97da2051
018e66d3-7f57-7f94-91c8-3dbceb9745f1,018e7022-c2cc-7f57-8998-14b2a6b2c50c
018e66ca-f49f-7db3-a43e-77d3e4e1c026,018e7032-90f1-768c-9939-a10639eb06c8
018e66bf-95c2-7899-a74f-0d74afe1bf52,018e7027-1da2-7677-ad5e-67433b8cf75c
018e66c7-5c3f-73d4-bf75-4ba36358cfdb,018e7017-fb7f-7074-a238-77d1eddda386
018e6696-2989-7a72-b47e-93496d5a0711,018e7014-e19b-747f-9924-71c8182ecefe
018e66d4-96df-7127-92af-86ec636926e5,018e7025-31df-7518-bbd2-b417b103eea0
018e66b8-7de1-7140-8d4c-d1399d8ec5a0,018e7039-1eb0-7616-a5b3-de9c787fc3b2
018e66cb-3f1b-7679-8604-90d830222123,018e7041-b926-76bd-be7c-b89e0d42e824
018e66c3-e950-7362-b012-cc98e7209d00,018e7030-761d-7226-985a-8d8d7db70dc4
018e66d4-c978-74c3-89f0-c1d438987249,018e7027-cd4d-7f54-bd79-3d1d175455af
018e66cc-52eb-702d-a719-952b5b201a2c,018e7027-b732-72e8-bf07-99e0263eb3b9
018e66b9-d178-7174-8efa-4c1c0ec5a181,018e7017-7113-7811-bae3-f4c08cffa5df
018e66ca-79d5-7eae-b299-f7a5d8dd3160,018e702e-0fab-7661-aec8-dd0d7718762c
018e66bb-59bd-78e7-adc0-e4afe5257cb2,018e7033-2f59-7c0a-92a5-1971a4f054c6
018e66b8-db95-7fd6-9ced-6db3b751ee88,018e702d-9290-76e7-ac56-cc87a5fd24d7
018e66c1-e3da-7f22-a320-4048c2e256d2,018e7023-de7d-78b5-b2b4-7433b40b6fe7
018e66c1-3066-7ea8-b94b-9d1a1c7ddf82,018e7026-8925-7717-be32-add5a51c9853
018e66d3-d52d-7cc1-aa93-d49b55bf47fa,018e703c-7920-795b-8ad3-b547758d2286
018e66d5-bb3c-7ccb-9cec-50d36993202c,018e701d-433a-7c1a-8bcd-b48c28b24d13
018e66a8-e867-7000-a4d4-28676a971976,018e703f-5c51-7fd6-89d4-5ecc45e6a033
018e66c2-7bd2-79fa-b9d9-c3f893fd7337,018e7022-0a7d-7773-90d2-3a23b4c1301c
018e66d3-f879-7d31-8d74-5169da2dd942,018e703f-e89d-75fc-9a71-b5040c398e72
018e66c7-fa7d-7640-a67d-d2ef9c8aa5ba,018e7037-412c-7487-8dd4-32f3fd4c50b0
018e66d5-1f45-7ac9-b135-267f7adc391a,018e7037-a702-7d6c-aa3a-92a65fcb5648
018e66c4-9481-7561-a57a-7b8a1c496272,018e7017-c961-7133-8cf1-713c38646dae
018e66b9-1370-7d35-b6cb-bcb7cf00b424,018e702d-645c-7b3c-a7eb-3a51b56fae2f
018e66c6-bfda-73e8-be67-de89c04d78d5,018e702f-11bd-70ef-b445-40920b35b2ce
018e66b8-6c8b-773c-95fb-f64c8eb71ffa,018e701c-bb6d-7d7d-8a14-fe095f9e6eae
018e66d0-a055-7ef5-bd20-9b6e90a64ad9,018e7030-de0f-730b-bda8-508efdcd82dc
018e66cb-94f0-7062-86d3-e3baf23403db,018e701c-d3e4-7b96-bcb7-e074df405c4b
018e66a7-82df-7988-8126-305754797b1a,018e7040-c405-7876-aefd-191f49a4d6f6
018e66b8-3ede-7cff-a46b-85161b63a592,018e7018-2da1-78e1-9c54-fd6bc982fa16
018e66b0-4734-7f4a-bbba-e2f9b4ad6f4a,018e703d-2b6f-7195-853c-9249c0c49e85
018e66c5-a690-7067-9213-807840cdc9ec,018e7017-009d-78be-8e33-e40f8954f85d
018e66cc-65eb-75d8-a331-ddbde10e9af7,018e7025-d0e3-711d-9836-c01cb0cf315e
018e6685-a946-718f-b941-91b6be699863,018e701a-fb20-7940-b9bd-c30bcbe0821f
018e4116-7631-7c3b-9be8-e3ad93244524,018e5b15-4866-747b-8388-2189aa1a61ac
018e66cf-4e7c-7d5f-84a1-f57272509f5a,018e7043-a2e2-72c5-9f4e-81df59927bc4
018e66ce-0dc1-7360-83c2-ad77f4e0cc90,018e703b-e69d-756a-8627-56d9035cb775
018e4f9a-08d0-7fa2-9d10-053133a9e5c4,018e59e5-c571-7e4c-b0d3-d1e962888ad7
018e4f9a-08d0-7fa2-9d10-053133a9e5c4,018e4fa2-b956-7945-93cd-1fa35a427629
018e66c3-cbab-7abd-804f-163e7b9e2cd0,018e7021-dd16-7acf-bdab-e36d287a2e81
018e66ce-888e-7af3-9877-92b8423751a4,018e7044-122e-7c98-8719-38e8d9963da5
018e66cf-0c31-788a-b626-53bef357219c,018e701b-1f71-7179-b40c-f519ce278124
018e66cf-6096-7ce1-8091-7c3c79aa23f6,018e701e-6135-7547-94bc-b632fbfcb900
018e66d3-20c0-7eb0-bbc4-e155f3167f0f,018e7029-84a5-7ac9-bb4f-73b69294840c
018e66ce-9e25-7afe-9589-08def30ff285,018e7041-335d-72c7-9ab6-a09fecf50698
018e66d5-74b4-7616-a5f2-157913d2bc53,018e7030-0464-7317-af8c-189e1e87e213
018e66b9-65fb-7608-933e-25011c10b6ec,018e703e-523b-7f90-80f7-f05bb7163929
018e66cd-7849-7070-8841-b55632860ce1,018e702d-7b44-77f1-87f6-b3e2693172dc
018e66cb-a213-7bb5-865d-bad890edf27c,018e7019-0c32-795f-96d4-48d83ac135a1
018e66d1-0b47-7ef2-a4b1-23755651d28b,018e7018-f424-7ffc-8915-2f5dfe7de619
018e66c4-6afa-7654-b04c-590fc8e58624,018e7016-c707-79e9-a490-e3b3b1c27dac
018e667a-3dc4-7d25-8312-b7fc3756b62d,018e7035-2d05-75cb-8786-9086c9f6cbc2
018e66d5-66d0-75c5-aa7c-b8b430a73077,018e702b-1667-7df6-b3c3-4e28f9b57268
018e66d5-4558-72d3-875b-bb5926dda057,018e703e-3958-768d-860c-aa91ca5e967e
018e66c5-3177-7181-87f1-7f99a19ce029,018e701c-97ec-7340-b072-ed27c27e8553
018e50de-caa1-7ca7-bc0c-aca887451218,018e524b-6475-7c0e-86de-36ba529468e9
018e66c7-cfef-774f-a98f-c0babbcb4523,018e7021-d185-7b82-9d65-f8b4014b595a
018e50ec-2be0-7758-a761-5f3f928cd136,018e5106-22c6-7e3c-a389-f0fe233fca2f
018e66c0-c861-7341-a251-3c90cc0cbae0,018e7023-552c-786d-90d6-d63ca2ead1ae
018e66d4-a06b-7faf-95db-01898999f174,018e7019-2252-7bf3-acdf-e85659724f9e
018e66cc-1e62-7006-8077-66c496ca3143,018e7029-c29b-77b3-a7d8-9dd614af2a6e
018e66c0-f119-7bad-85c1-ceaf996c019e,018e702d-27fc-78bf-916d-4bc89afa2063
018e66cf-8228-76ea-9306-5150e7a989fb,018e701a-5684-7b0d-a139-380a49cbc8cb
018e66d1-46f1-732d-b453-c7313d3985f6,018e7027-6453-77cd-94eb-a4f6617b5bd6
018e4f9d-46b9-7812-8c2b-501a402b30fb,018e59e5-c491-795e-8306-be1aada414c6
018e66c8-5642-763f-ab44-f0848c19cb6e,018e7031-4b66-705e-b8ac-a735e6ca73cf
018e66c1-3476-746a-a7e6-dc7b1688ea7a,018e702d-c576-7349-bd58-8c699bf5aa69
018e66b7-d5e3-79df-a232-13c5ef8e1eb2,018e7025-6f72-745b-80f8-22a50d9d3181
018e66cc-7f76-777e-be48-21dca9eca2fc,018e702c-0f01-72d2-9df0-9e30bae5e88f
018e66af-d940-71f7-bd12-89b438592296,018e7026-56ad-7d77-9b74-76ef90c42029
018e66bc-d372-7b7b-ba10-f3535cfce102,018e7043-c92b-7bba-84d4-5431208cdbb7
018e66c3-de04-7eb4-9621-d1d223c2dbde,018e7017-3d64-7445-bb73-2c14ab51abdf
018e6686-484d-70c1-ac85-5c1119624536,018e7042-add7-7348-a5f7-d5cef5b472ee
018e66b4-08e4-7f51-9e48-eb5e5f07a3ae,018e703c-b3da-7e64-bf2b-3ff35a49ad1b
018e4fc3-b739-711d-9575-2d3b3930797c,018e5b96-0335-7e66-ad90-60d7577c06fb
018e66c2-08d0-7dce-a22f-1463abbaea96,018e703e-08ca-7c79-9151-56a793afd286
018e66af-3731-7907-a482-17f904f5aabe,018e701a-0d81-70ce-b4c4-65d994396299
018e66cd-459b-7614-989c-69b951fa25ef,018e702d-6f07-748c-8a44-c62e4d0ad4c6
018e66c9-b163-7063-adfb-2cc13be3d9b8,018e7028-4b33-7ad1-b578-0e270b16b330
018e66cb-d61a-7382-9037-1fdbcce06bd7,018e7021-8710-750a-a1bf-cf910f953ccb
018e66d0-a7f1-71de-88c0-6ccd93ac4b3a,018e701f-ff9f-75e3-8a45-f102d9d6d7aa
018e66cc-56f6-7468-9281-754c401dab55,018e7036-1a8e-79c3-b781-c45170298dca
018e4f9a-08d0-7fa2-9d10-053133a9e5c4,018e5c98-19a4-7c83-9ca7-f4635e3682ea
018e66d0-98cb-79d5-b50c-f38868f26d39,018e701b-2b1e-742c-9242-540b98a06860
018e66c7-31cb-7c64-bd63-ef6aed27407b,018e7030-4efc-72d9-af8a-d4f305b740df
018e66c0-4bcf-75d6-9ed9-fbd1671a7b84,018e7038-439f-789b-9e96-724aa1935443
018e66ce-cf02-79c5-992e-3a540eb2e5c8,018e7020-85a6-70b5-b334-f90c5f7dbeca
018e66c5-4909-75ef-82e3-d3dedc0396c8,018e701a-316a-7a8f-9f33-4d889e03b544
018e66c3-55a3-7b3d-9135-23e4026fa15d,018e7038-9818-7217-8a1e-c9f8dcb9d3f5
018e66ce-257c-70c7-8136-f39f0446b418,018e7018-b6f8-7e43-92f6-cb31b3046647
018e66d5-7339-7223-96a5-3480d0031146,018e7030-e9e7-748b-b2a0-908532f6b660
018e66c1-184d-7c3e-89e2-c3faf2357a06,018e703c-9cf9-7db8-9065-30c58459090c
018e66c0-4bcf-7d45-9ac4-e3b2c6a8e7c8,018e7043-3a4e-7f9e-af22-02a5e48d4427
018e66d0-405c-70c1-83a1-5cef654b96b3,018e702a-b35a-7168-a355-a5e4075f4b03
018e66c0-2b83-7898-8d13-30adcd632316,018e7042-2351-7720-a555-1f060d26a889
018e66ce-70e6-7fd6-b237-a70afe6be965,018e7036-b999-7b7b-888a-520b53ae304a
018e66b9-74c7-786b-b3c1-32385907b60c,018e7039-43c8-7c91-b016-bfd9a5c05258
018e66b6-e109-7253-85bf-92fd4928ff76,018e7022-90a4-78f2-a452-a6217165bedb
018e66d2-223a-7c24-98d1-38018d7bb2fb,018e7039-fb47-786f-8635-9d1a427e175c
018e66c9-e3b9-77b6-acd9-8bb056aaaf3e,018e7032-33c7-7373-8c5e-ace0abf7315f
018e66b7-ed1a-77f7-af65-603ee7c9087d,018e701e-6d6e-7eef-8c1f-501edb438b6c
018e66af-c3a0-7edf-bd6c-bad1e5b41d45,018e7026-c4d5-7263-a869-697ee258b1d9
018e66cf-dc07-740e-bc60-2070ff4242d9,018e7033-d15f-79a3-8efc-79aad1e872c7
018e66cc-02a4-7f92-b5ef-cfa7483b3c75,018e7023-4a84-7653-88df-4a642914cbbc
018e66c0-ba3a-71cd-9831-c87f472548f7,018e7040-17fc-7a91-a601-19ea197d8319
018e4116-7631-7c3b-9be8-e3ad93244524,018e59dc-162f-731d-bf75-36cb373df9fc
018e66cd-9a8d-73e0-af65-91bf5a03f70a,018e703c-60d9-74d3-ab3e-95c088cefd57
018e4f9a-08d0-7fa2-9d10-053133a9e5c4,018e59af-f1f7-7b83-b25e-1fa3ee9ce5eb
018e66ce-b240-798b-892b-0a5122657d85,018e703f-07b4-78e7-bd00-5bc51a8a7d8d
018e66c5-b6c9-7fdb-833b-43e030a873aa,018e703c-ee40-7132-85d8-2912ae74b29a
018e6681-3174-78ed-b0a2-62e85cbd6282,018e7021-6197-7f24-a084-7081541c2670
018e4f9d-46b9-7812-8c2b-501a402b30fb,018e4fd8-7f61-7656-a7f6-e9244ddc7a77
018e66c3-9712-7a96-863a-84584e6f90ee,018e701e-88b3-7e26-af07-43d09f5ec6fe
018e66d0-c0c8-7ee9-8f03-5b5c8445a246,018e702f-9651-7c64-a336-ade989cbc8d3
018e66ba-165a-7911-a1a4-e48b20072145,018e703d-d6b0-77d6-af15-60d9699d7c1f
018e66ac-c870-7409-963f-5adf69b8ee73,018e7036-d211-7ff0-8da6-7dd40d1b270b
018e66c1-94e4-72a8-887d-e0eb422b539a,018e7022-a859-720a-bc2f-238451076d4f
018e5106-ed5a-7898-bb0d-40aac057b861,018e5112-ff66-7307-983c-6c895e8a58ab
018e66a5-344c-75dd-b88a-659273f64f9a,018e703e-9a07-78e5-94c4-88436fd4de3d
018e66ab-cfc6-7867-b3d1-39087e694d0c,018e7014-9e72-763a-b835-8450623a6647
018e66d2-bcc4-72d3-84c4-3cb8d45252ca,018e701e-b8d4-77cc-9a72-a150c5cce7ee
018e66c1-f4e8-7cd5-ab8a-e5e37407b552,018e7032-2858-71a1-898d-b3c281f052f9
018e50ec-2be0-7758-a761-5f3f928cd136,018e61bf-0da2-7e06-b4fd-5686b3db7a97
018e66cc-d36a-79a2-8614-4e385746477b,018e703e-bc5a-7bfd-a450-f47b2f3376da
018e66c5-9df7-7d97-ba46-b9859c25d392,018e7033-08eb-77e9-9d63-3f03dee6f2ca
018e667b-e2bb-7d06-897b-99641bae4941,018e7044-831a-72fb-8dd3-d165b017af58
018e66c6-1d68-74e0-ad15-f509bd74dfb9,018e7023-0eee-76ab-8078-7ebd0e8f41ce
018e66cd-ac69-74b8-8bd0-b20fcbaa26c7,018e7039-2a84-7cc4-9d54-263314fa7ac3
018e66c6-a291-7fa9-bd07-afb7de32b90a,018e7043-1784-7eee-8522-9ade25a49d35
018e6699-2136-759c-81e5-791a58d1b623,018e7014-c924-762c-b8e4-6a3b9308b735
018e50de-caa1-7ca7-bc0c-aca887451218,018e50fe-081b-7f95-8be5-3b0d48f3b825
018e66a0-b0ea-716d-8fcd-57cdd743c6e4,018e7040-3138-7bf8-8e6e-e6101e16574e
018e66cf-b8a8-7751-a998-dd3686084ed8,018e7039-8df4-7b92-b97d-109c280ecd72
018e66cf-5737-7f04-87c0-3e7615949ecc,018e702b-777a-75cb-95e8-3d2cedb897e0
018e66bd-2be7-79b4-b609-89d6ef602d72,018e702c-4e84-729c-8e2b-b958d3c9854b
018e4116-7631-7c3b-9be8-e3ad93244524,018e5771-cef3-76be-867b-c5aac3bf9971
018e66cd-2fa1-7a66-bde4-5160c4e4cdae,018e7039-c9e8-79a2-b502-cbfe434b67ed
018e66c3-f866-7f3c-9050-5307bdf5de99,018e7031-7078-7637-a345-abb3787a6013
018e66ce-2020-7c10-afe4-cd5fb682c6b1,018e7032-d992-7fb1-a83f-469483a08662
018e66c1-5c03-7078-b14b-6302d805f60b,018e7032-8582-7ada-8d23-f998897192e9
018e66c6-396a-724c-96ea-13f4e3e76064,018e7040-7850-7912-a5b9-80582b9e3806
018e66bf-de18-7f06-bb7e-a23785b2a8e0,018e702f-f88f-7aba-b2ef-ff515230486a
018e66c6-47b2-718a-98b6-8bf65e78c11f,018e7016-d5f9-7c0f-90c8-f86ca9d79490
018e66b3-1641-7ceb-8fa6-85bb630f9757,018e702b-90bb-7003-a5bc-7849650e447b
018e66cf-230a-7d15-a080-7a598e4ca169,018e7024-c3bf-7b32-ba78-1ba19219e569
018e66d1-1d73-7e1a-aeee-2e354f7cbc1b,018e7021-6e38-7056-9c48-a2eacb8c46f2
018e66cd-7a31-7329-b143-f89ced026cb7,018e7040-9182-7b22-a686-b6171bd4927d
018e66cf-ac23-7bc9-abd8-6bc2f3c55911,018e7031-d3e3-772b-bef1-88d31652d791
018e66ce-cca1-76de-a0b9-89da8f5056ea,018e7025-8654-774e-9bd1-152aa519a7e5
018e66cf-3799-749c-85f3-cb96746c8ada,018e701a-c82f-727b-a99d-ca4e755c6fc8
018e50ec-2be0-7758-a761-5f3f928cd136,018e5112-01de-73e0-bfcd-f99ffb8ae3cd
018e66bb-98ca-7e66-89f8-c11881289a70,018e701d-832a-75a9-a40f-de2c89d99c2d
018e66c1-d7ec-759f-9182-cc385f8b8494,018e7039-bce3-7ebb-bbd7-f62f8c7f1d4c
018e66d0-f538-7ae1-bd88-fd67041f3c24,018e7026-1c40-7498-9a61-32ea0fd004bd
018e66cc-a6df-7e91-8a1f-7ccd9203f30a,018e7018-467a-7c6c-ba21-eee2aa293f12
018e66c2-75a5-711b-81be-1e313c7f6321,018e7020-aadc-7485-afac-9b6176be877f
018e66d5-5caa-791b-8006-2a0a895921da,018e7022-d032-737a-89ec-680c89f347e4
018e66c5-4677-7192-a0e3-94c1147b6ded,018e7026-eab7-7ae6-8c4a-b822749be875
018e4fc3-b739-711d-9575-2d3b3930797c,018e5b12-58e5-7f46-a2ab-de01e736dd61
018e66c5-ab17-797f-abda-0f43ed5f7a03,018e7038-4fdb-7e43-bcf9-f7808f3b9871
018e4f9d-46b9-7812-8c2b-501a402b30fb,018e5b96-027b-708f-ac15-47712822ac0b
018e66b6-9037-755a-9d6d-4fa6f26e69e5,018e7026-62bf-77d7-88f9-d7fd1cebf498
018e66c8-60cb-78b1-8e52-a800fd699bc6,018e7017-3123-7239-b72f-466974fcc3a0
018e66c9-5359-7f83-a598-fac86b0c17d2,018e703e-c95a-7c4d-b490-6770d73d5768
018e66c3-86ac-7e4f-9b83-2be12f9e50ae,018e7036-027f-72f7-8558-038c200de6c7
018e63df-0811-70f6-987c-848c2bdee0b2,018e7010-9611-7687-a618-80699a412b51
018e66c0-8871-725c-8374-c3b445173325,018e703f-8ab7-7558-9453-522629dcdcd6
018e66c1-cad1-7aea-a6d7-d84e202ba680,018e7041-4b77-730e-b08d-075b28d6766d
018e66c6-a4f9-78b3-8abe-caa12c378725,018e702b-5585-7951-b6ab-3d8d6f878389
018e66d5-7bbc-7d68-816c-a50f1aa956fc,018e702d-413d-7519-bfee-1e1ce082ee56
018e4116-7631-7c3b-9be8-e3ad93244524,018e5c98-1a2e-72ba-998a-aaa20b622517
018e66bd-4708-7da2-ad26-229207177919,018e7033-531e-79c1-8dec-78887722b042
018e66c3-1bfc-7791-9c79-aa88042b4e6f,018e7026-ad8d-78c7-8cf6-b779af8bf724
018e66cc-c9b1-7c7e-84be-6a71b9ea9130,018e702b-841b-76fa-8011-b2513a94b667
018e66c1-50c9-7b30-9839-81ac2ddcbfb6,018e7035-bd15-73cd-9764-d460dc6e285c
018e66c2-f1c5-78fe-9344-5e2f83f6ce9d,018e701c-a2f8-7f91-8b3e-fb51faab15bc
018e66b9-9119-777d-b030-b2d33eb63b4f,018e701a-d51c-72e2-8722-ece88e0e46b0
018e66b3-16b5-7800-bc9c-4cda07cbfa8d,018e7040-5f69-72b1-a2ec-2dea4a95214d
018e5106-ed5a-7898-bb0d-40aac057b861,018e5114-fb05-70eb-bce4-a54ea3dd6589
018e66b9-4796-78b8-bf36-c55243a40ea6,018e702e-c469-793e-8ffd-45f8cc887b39
